  [ADT] 6 usable sequence(s) (need: depth_npy, videos_synthetic, videos_rgb)
  [fovbench] Apartment_release_clean_seq131_M1292: 50 of 2878 common frames
  [fovbench] Apartment_release_clean_seq133_M1292: 50 of 399 common frames
  [fovbench] Apartment_release_clean_seq134_M1292: 50 of 399 common frames
  [fovbench] Apartment_release_clean_seq135_M1292: 50 of 399 common frames
  [fovbench] Apartment_release_clean_seq136_M1292: 50 of 399 common frames
  [fovbench] Apartment_release_decoration_seq132_M1292: 50 of 399 common frames
  [fovbench] ADT-FOV split 601fcb22767e: 300 frames across 6 sequence(s), streams=['synthetic', 'real'], context 3x@stride 10

[fovbench] ══ vggt_1b ══
Warning: You are sending unauthenticated requests to the HF Hub. Please set a HF_TOKEN to enable higher rate limits and faster downloads.
[fovbench]   VGGT 1B | 1191M params | align=scale_shift | views rendered at 518px
/group-volume/Fengjia/projects/vggt-omega-024/VGGT-360-fisheye/vggt_visfeat/models/vggt.py:72: FutureWarning: `torch.cuda.amp.autocast(args...)` is deprecated. Please use `torch.amp.autocast('cuda', args...)` instead.
  with torch.cuda.amp.autocast(enabled=False):
[fovbench]   frame 5/300 (18s)
[fovbench]   frame 10/300 (27s)
[fovbench]   frame 15/300 (36s)
[fovbench]   frame 20/300 (45s)
[fovbench]   frame 25/300 (54s)
[fovbench]   frame 30/300 (62s)
[fovbench]   frame 35/300 (71s)
[fovbench]   frame 40/300 (80s)
[fovbench]   frame 45/300 (89s)
[fovbench]   frame 50/300 (98s)
[fovbench]   frame 55/300 (108s)
[fovbench]   frame 60/300 (117s)
[fovbench]   frame 65/300 (127s)
[fovbench]   frame 70/300 (137s)
[fovbench]   frame 75/300 (146s)
[fovbench]   frame 80/300 (156s)
[fovbench]   frame 85/300 (166s)
[fovbench]   frame 90/300 (177s)
[fovbench]   frame 95/300 (187s)
[fovbench]   frame 100/300 (197s)
[fovbench]   frame 105/300 (206s)
[fovbench]   frame 110/300 (216s)
[fovbench]   frame 115/300 (226s)
[fovbench]   frame 120/300 (235s)
[fovbench]   frame 125/300 (246s)
[fovbench]   frame 130/300 (256s)
[fovbench]   frame 135/300 (266s)
[fovbench]   frame 140/300 (276s)
[fovbench]   frame 145/300 (285s)
[fovbench]   frame 150/300 (295s)
[fovbench]   frame 155/300 (304s)
[fovbench]   frame 160/300 (315s)
[fovbench]   frame 165/300 (325s)
[fovbench]   frame 170/300 (335s)
[fovbench]   frame 175/300 (345s)
[fovbench]   frame 180/300 (355s)
[fovbench]   frame 185/300 (365s)
[fovbench]   frame 190/300 (375s)
[fovbench]   frame 195/300 (385s)
[fovbench]   frame 200/300 (396s)
[fovbench]   frame 205/300 (406s)
[fovbench]   frame 210/300 (415s)
[fovbench]   frame 215/300 (425s)
[fovbench]   frame 220/300 (434s)
[fovbench]   frame 225/300 (444s)
[fovbench]   frame 230/300 (455s)
[fovbench]   frame 235/300 (464s)
[fovbench]   frame 240/300 (474s)
[fovbench]   frame 245/300 (484s)
[fovbench]   frame 250/300 (494s)
[fovbench]   frame 255/300 (503s)
[fovbench]   frame 260/300 (514s)
[fovbench]   frame 265/300 (524s)
[fovbench]   frame 270/300 (533s)
[fovbench]   frame 275/300 (543s)
[fovbench]   frame 280/300 (553s)
[fovbench]   frame 285/300 (563s)
[fovbench]   frame 290/300 (573s)
[fovbench]   frame 295/300 (582s)
[fovbench]   frame 300/300 (592s)
[fovbench]   done in 592s

[fovbench] ══ vggt_omega ══
[fovbench]   VGGT-Omega 1B/512 | 1144M params | align=scale_shift | views rendered at 512px
[fovbench]   frame 5/300 (17s)
[fovbench]   frame 10/300 (24s)
[fovbench]   frame 15/300 (30s)
[fovbench]   frame 20/300 (37s)
[fovbench]   frame 25/300 (44s)
[fovbench]   frame 30/300 (51s)
[fovbench]   frame 35/300 (58s)
[fovbench]   frame 40/300 (65s)
[fovbench]   frame 45/300 (71s)
[fovbench]   frame 50/300 (78s)
[fovbench]   frame 55/300 (85s)
[fovbench]   frame 60/300 (93s)
[fovbench]   frame 65/300 (100s)
[fovbench]   frame 70/300 (107s)
[fovbench]   frame 75/300 (114s)
[fovbench]   frame 80/300 (121s)
[fovbench]   frame 85/300 (128s)
[fovbench]   frame 90/300 (135s)
[fovbench]   frame 95/300 (143s)
[fovbench]   frame 100/300 (150s)
[fovbench]   frame 105/300 (157s)
[fovbench]   frame 110/300 (164s)
[fovbench]   frame 115/300 (171s)
[fovbench]   frame 120/300 (178s)
[fovbench]   frame 125/300 (185s)
[fovbench]   frame 130/300 (192s)
[fovbench]   frame 135/300 (199s)
[fovbench]   frame 140/300 (206s)
[fovbench]   frame 145/300 (213s)
[fovbench]   frame 150/300 (220s)
[fovbench]   frame 155/300 (228s)
[fovbench]   frame 160/300 (235s)
[fovbench]   frame 165/300 (242s)
[fovbench]   frame 170/300 (249s)
[fovbench]   frame 175/300 (256s)
[fovbench]   frame 180/300 (263s)
[fovbench]   frame 185/300 (270s)
[fovbench]   frame 190/300 (277s)
[fovbench]   frame 195/300 (284s)
[fovbench]   frame 200/300 (292s)
[fovbench]   frame 205/300 (299s)
[fovbench]   frame 210/300 (306s)
[fovbench]   frame 215/300 (313s)
[fovbench]   frame 220/300 (320s)
[fovbench]   frame 225/300 (327s)
[fovbench]   frame 230/300 (334s)
[fovbench]   frame 235/300 (341s)
[fovbench]   frame 240/300 (349s)
[fovbench]   frame 245/300 (356s)
[fovbench]   frame 250/300 (363s)
[fovbench]   frame 255/300 (370s)
[fovbench]   frame 260/300 (377s)
[fovbench]   frame 265/300 (384s)
[fovbench]   frame 270/300 (391s)
[fovbench]   frame 275/300 (398s)
[fovbench]   frame 280/300 (405s)
[fovbench]   frame 285/300 (412s)
[fovbench]   frame 290/300 (419s)
[fovbench]   frame 295/300 (426s)
[fovbench]   frame 300/300 (433s)
[fovbench]   done in 434s

[fovbench] ══ da3_large ══
[97m[INFO ] using MLP layer as FFN[0m
[fovbench]   Depth-Anything-3 Large | 411M params | align=scale_shift | views rendered at 518px
[97m[INFO ] Selecting reference view using strategy: saddle_balanced[0m
[97m[INFO ] Selecting reference view using strategy: saddle_balanced[0m
[97m[INFO ] Selecting reference view using strategy: saddle_balanced[0m
[97m[INFO ] Selecting reference view using strategy: saddle_balanced[0m
[97m[INFO ] Selecting reference view using strategy: saddle_balanced[0m
[97m[INFO ] Selecting reference view using strategy: saddle_balanced[0m
[97m[INFO ] Selecting reference view using strategy: saddle_balanced[0m
[97m[INFO ] Selecting reference view using strategy: saddle_balanced[0m
[97m[INFO ] Selecting reference view using strategy: saddle_balanced[0m
[97m[INFO ] Selecting reference view using strategy: saddle_balanced[0m
[97m[INFO ] Selecting reference view using strategy: saddle_balanced[0m
[97m[INFO ] Selecting reference view using strategy: saddle_balanced[0m
[97m[INFO ] Selecting reference view using strategy: saddle_balanced[0m
[97m[INFO ] Selecting reference view using strategy: saddle_balanced[0m
[97m[INFO ] Selecting reference view using strategy: saddle_balanced[0m
[97m[INFO ] Selecting reference view using strategy: saddle_balanced[0m
[97m[INFO ] Selecting reference view using strategy: saddle_balanced[0m
[97m[INFO ] Selecting reference view using strategy: saddle_balanced[0m
[97m[INFO ] Selecting reference view using strategy: saddle_balanced[0m
[97m[INFO ] Selecting reference view using strategy: saddle_balanced[0m
[fovbench]   frame 5/300 (16s)
[97m[INFO ] Selecting reference view using strategy: saddle_balanced[0m
[97m[INFO ] Selecting reference view using strategy: saddle_balanced[0m
[97m[INFO ] Selecting reference view using strategy: saddle_balanced[0m
[97m[INFO ] Selecting reference view using strategy: saddle_balanced[0m
[97m[INFO ] Selecting reference view using strategy: saddle_balanced[0m
[97m[INFO ] Selecting reference view using strategy: saddle_balanced[0m
[97m[INFO ] Selecting reference view using strategy: saddle_balanced[0m
[97m[INFO ] Selecting reference view using strategy: saddle_balanced[0m
[97m[INFO ] Selecting reference view using strategy: saddle_balanced[0m
[97m[INFO ] Selecting reference view using strategy: saddle_balanced[0m
[97m[INFO ] Selecting reference view using strategy: saddle_balanced[0m
[97m[INFO ] Selecting reference view using strategy: saddle_balanced[0m
[97m[INFO ] Selecting reference view using strategy: saddle_balanced[0m
[97m[INFO ] Selecting reference view using strategy: saddle_balanced[0m
[97m[INFO ] Selecting reference view using strategy: saddle_balanced[0m
[97m[INFO ] Selecting reference view using strategy: saddle_balanced[0m
[97m[INFO ] Selecting reference view using strategy: saddle_balanced[0m
[97m[INFO ] Selecting reference view using strategy: saddle_balanced[0m
[97m[INFO ] Selecting reference view using strategy: saddle_balanced[0m
[97m[INFO ] Selecting reference view using strategy: saddle_balanced[0m
[fovbench]   frame 10/300 (23s)
[97m[INFO ] Selecting reference view using strategy: saddle_balanced[0m
[97m[INFO ] Selecting reference view using strategy: saddle_balanced[0m
[97m[INFO ] Selecting reference view using strategy: saddle_balanced[0m
[97m[INFO ] Selecting reference view using strategy: saddle_balanced[0m
[97m[INFO ] Selecting reference view using strategy: saddle_balanced[0m
[97m[INFO ] Selecting reference view using strategy: saddle_balanced[0m
[97m[INFO ] Selecting reference view using strategy: saddle_balanced[0m
[97m[INFO ] Selecting reference view using strategy: saddle_balanced[0m
[97m[INFO ] Selecting reference view using strategy: saddle_balanced[0m
[97m[INFO ] Selecting reference view using strategy: saddle_balanced[0m
[97m[INFO ] Selecting reference view using strategy: saddle_balanced[0m
[97m[INFO ] Selecting reference view using strategy: saddle_balanced[0m
[97m[INFO ] Selecting reference view using strategy: saddle_balanced[0m
[97m[INFO ] Selecting reference view using strategy: saddle_balanced[0m
[97m[INFO ] Selecting reference view using strategy: saddle_balanced[0m
[97m[INFO ] Selecting reference view using strategy: saddle_balanced[0m
[97m[INFO ] Selecting reference view using strategy: saddle_balanced[0m
[97m[INFO ] Selecting reference view using strategy: saddle_balanced[0m
[97m[INFO ] Selecting reference view using strategy: saddle_balanced[0m
[97m[INFO ] Selecting reference view using strategy: saddle_balanced[0m
[fovbench]   frame 15/300 (30s)
[97m[INFO ] Selecting reference view using strategy: saddle_balanced[0m
[97m[INFO ] Selecting reference view using strategy: saddle_balanced[0m
[97m[INFO ] Selecting reference view using strategy: saddle_balanced[0m
[97m[INFO ] Selecting reference view using strategy: saddle_balanced[0m
[97m[INFO ] Selecting reference view using strategy: saddle_balanced[0m
[97m[INFO ] Selecting reference view using strategy: saddle_balanced[0m
[97m[INFO ] Selecting reference view using strategy: saddle_balanced[0m
[97m[INFO ] Selecting reference view using strategy: saddle_balanced[0m
[97m[INFO ] Selecting reference view using strategy: saddle_balanced[0m
[97m[INFO ] Selecting reference view using strategy: saddle_balanced[0m
[97m[INFO ] Selecting reference view using strategy: saddle_balanced[0m
[97m[INFO ] Selecting reference view using strategy: saddle_balanced[0m
[97m[INFO ] Selecting reference view using strategy: saddle_balanced[0m
[97m[INFO ] Selecting reference view using strategy: saddle_balanced[0m
[97m[INFO ] Selecting reference view using strategy: saddle_balanced[0m
[97m[INFO ] Selecting reference view using strategy: saddle_balanced[0m
[97m[INFO ] Selecting reference view using strategy: saddle_balanced[0m
[97m[INFO ] Selecting reference view using strategy: saddle_balanced[0m
[97m[INFO ] Selecting reference view using strategy: saddle_balanced[0m
[97m[INFO ] Selecting reference view using strategy: saddle_balanced[0m
[fovbench]   frame 20/300 (37s)
[97m[INFO ] Selecting reference view using strategy: saddle_balanced[0m
[97m[INFO ] Selecting reference view using strategy: saddle_balanced[0m
[97m[INFO ] Selecting reference view using strategy: saddle_balanced[0m
[97m[INFO ] Selecting reference view using strategy: saddle_balanced[0m
[97m[INFO ] Selecting reference view using strategy: saddle_balanced[0m
[97m[INFO ] Selecting reference view using strategy: saddle_balanced[0m
[97m[INFO ] Selecting reference view using strategy: saddle_balanced[0m
[97m[INFO ] Selecting reference view using strategy: saddle_balanced[0m
[97m[INFO ] Selecting reference view using strategy: saddle_balanced[0m
[97m[INFO ] Selecting reference view using strategy: saddle_balanced[0m
[97m[INFO ] Selecting reference view using strategy: saddle_balanced[0m
[97m[INFO ] Selecting reference view using strategy: saddle_balanced[0m
[97m[INFO ] Selecting reference view using strategy: saddle_balanced[0m
[97m[INFO ] Selecting reference view using strategy: saddle_balanced[0m
[97m[INFO ] Selecting reference view using strategy: saddle_balanced[0m
[97m[INFO ] Selecting reference view using strategy: saddle_balanced[0m
[97m[INFO ] Selecting reference view using strategy: saddle_balanced[0m
[97m[INFO ] Selecting reference view using strategy: saddle_balanced[0m
[97m[INFO ] Selecting reference view using strategy: saddle_balanced[0m
[97m[INFO ] Selecting reference view using strategy: saddle_balanced[0m
[fovbench]   frame 25/300 (44s)
[97m[INFO ] Selecting reference view using strategy: saddle_balanced[0m
[97m[INFO ] Selecting reference view using strategy: saddle_balanced[0m
[97m[INFO ] Selecting reference view using strategy: saddle_balanced[0m
[97m[INFO ] Selecting reference view using strategy: saddle_balanced[0m
[97m[INFO ] Selecting reference view using strategy: saddle_balanced[0m
[97m[INFO ] Selecting reference view using strategy: saddle_balanced[0m
[97m[INFO ] Selecting reference view using strategy: saddle_balanced[0m
[97m[INFO ] Selecting reference view using strategy: saddle_balanced[0m
[97m[INFO ] Selecting reference view using strategy: saddle_balanced[0m
[97m[INFO ] Selecting reference view using strategy: saddle_balanced[0m
[97m[INFO ] Selecting reference view using strategy: saddle_balanced[0m
[97m[INFO ] Selecting reference view using strategy: saddle_balanced[0m
[97m[INFO ] Selecting reference view using strategy: saddle_balanced[0m
[97m[INFO ] Selecting reference view using strategy: saddle_balanced[0m
[97m[INFO ] Selecting reference view using strategy: saddle_balanced[0m
[97m[INFO ] Selecting reference view using strategy: saddle_balanced[0m
[97m[INFO ] Selecting reference view using strategy: saddle_balanced[0m
[97m[INFO ] Selecting reference view using strategy: saddle_balanced[0m
[97m[INFO ] Selecting reference view using strategy: saddle_balanced[0m
[97m[INFO ] Selecting reference view using strategy: saddle_balanced[0m
[fovbench]   frame 30/300 (52s)
[97m[INFO ] Selecting reference view using strategy: saddle_balanced[0m
[97m[INFO ] Selecting reference view using strategy: saddle_balanced[0m
[97m[INFO ] Selecting reference view using strategy: saddle_balanced[0m
[97m[INFO ] Selecting reference view using strategy: saddle_balanced[0m
[97m[INFO ] Selecting reference view using strategy: saddle_balanced[0m
[97m[INFO ] Selecting reference view using strategy: saddle_balanced[0m
[97m[INFO ] Selecting reference view using strategy: saddle_balanced[0m
[97m[INFO ] Selecting reference view using strategy: saddle_balanced[0m
[97m[INFO ] Selecting reference view using strategy: saddle_balanced[0m
[97m[INFO ] Selecting reference view using strategy: saddle_balanced[0m
[97m[INFO ] Selecting reference view using strategy: saddle_balanced[0m
[97m[INFO ] Selecting reference view using strategy: saddle_balanced[0m
[97m[INFO ] Selecting reference view using strategy: saddle_balanced[0m
[97m[INFO ] Selecting reference view using strategy: saddle_balanced[0m
[97m[INFO ] Selecting reference view using strategy: saddle_balanced[0m
[97m[INFO ] Selecting reference view using strategy: saddle_balanced[0m
[97m[INFO ] Selecting reference view using strategy: saddle_balanced[0m
[97m[INFO ] Selecting reference view using strategy: saddle_balanced[0m
[97m[INFO ] Selecting reference view using strategy: saddle_balanced[0m
[97m[INFO ] Selecting reference view using strategy: saddle_balanced[0m
[fovbench]   frame 35/300 (59s)
[97m[INFO ] Selecting reference view using strategy: saddle_balanced[0m
[97m[INFO ] Selecting reference view using strategy: saddle_balanced[0m
[97m[INFO ] Selecting reference view using strategy: saddle_balanced[0m
[97m[INFO ] Selecting reference view using strategy: saddle_balanced[0m
[97m[INFO ] Selecting reference view using strategy: saddle_balanced[0m
[97m[INFO ] Selecting reference view using strategy: saddle_balanced[0m
[97m[INFO ] Selecting reference view using strategy: saddle_balanced[0m
[97m[INFO ] Selecting reference view using strategy: saddle_balanced[0m
[97m[INFO ] Selecting reference view using strategy: saddle_balanced[0m
[97m[INFO ] Selecting reference view using strategy: saddle_balanced[0m
[97m[INFO ] Selecting reference view using strategy: saddle_balanced[0m
[97m[INFO ] Selecting reference view using strategy: saddle_balanced[0m
[97m[INFO ] Selecting reference view using strategy: saddle_balanced[0m
[97m[INFO ] Selecting reference view using strategy: saddle_balanced[0m
[97m[INFO ] Selecting reference view using strategy: saddle_balanced[0m
[97m[INFO ] Selecting reference view using strategy: saddle_balanced[0m
[97m[INFO ] Selecting reference view using strategy: saddle_balanced[0m
[97m[INFO ] Selecting reference view using strategy: saddle_balanced[0m
[97m[INFO ] Selecting reference view using strategy: saddle_balanced[0m
[97m[INFO ] Selecting reference view using strategy: saddle_balanced[0m
[fovbench]   frame 40/300 (66s)
[97m[INFO ] Selecting reference view using strategy: saddle_balanced[0m
[97m[INFO ] Selecting reference view using strategy: saddle_balanced[0m
[97m[INFO ] Selecting reference view using strategy: saddle_balanced[0m
[97m[INFO ] Selecting reference view using strategy: saddle_balanced[0m
[97m[INFO ] Selecting reference view using strategy: saddle_balanced[0m
[97m[INFO ] Selecting reference view using strategy: saddle_balanced[0m
[97m[INFO ] Selecting reference view using strategy: saddle_balanced[0m
[97m[INFO ] Selecting reference view using strategy: saddle_balanced[0m
[97m[INFO ] Selecting reference view using strategy: saddle_balanced[0m
[97m[INFO ] Selecting reference view using strategy: saddle_balanced[0m
[97m[INFO ] Selecting reference view using strategy: saddle_balanced[0m
[97m[INFO ] Selecting reference view using strategy: saddle_balanced[0m
[97m[INFO ] Selecting reference view using strategy: saddle_balanced[0m
[97m[INFO ] Selecting reference view using strategy: saddle_balanced[0m
[97m[INFO ] Selecting reference view using strategy: saddle_balanced[0m
[97m[INFO ] Selecting reference view using strategy: saddle_balanced[0m
[97m[INFO ] Selecting reference view using strategy: saddle_balanced[0m
[97m[INFO ] Selecting reference view using strategy: saddle_balanced[0m
[97m[INFO ] Selecting reference view using strategy: saddle_balanced[0m
[97m[INFO ] Selecting reference view using strategy: saddle_balanced[0m
[fovbench]   frame 45/300 (73s)
[97m[INFO ] Selecting reference view using strategy: saddle_balanced[0m
[97m[INFO ] Selecting reference view using strategy: saddle_balanced[0m
[97m[INFO ] Selecting reference view using strategy: saddle_balanced[0m
[97m[INFO ] Selecting reference view using strategy: saddle_balanced[0m
[97m[INFO ] Selecting reference view using strategy: saddle_balanced[0m
[97m[INFO ] Selecting reference view using strategy: saddle_balanced[0m
[97m[INFO ] Selecting reference view using strategy: saddle_balanced[0m
[97m[INFO ] Selecting reference view using strategy: saddle_balanced[0m
[97m[INFO ] Selecting reference view using strategy: saddle_balanced[0m
[97m[INFO ] Selecting reference view using strategy: saddle_balanced[0m
[97m[INFO ] Selecting reference view using strategy: saddle_balanced[0m
[97m[INFO ] Selecting reference view using strategy: saddle_balanced[0m
[97m[INFO ] Selecting reference view using strategy: saddle_balanced[0m
[97m[INFO ] Selecting reference view using strategy: saddle_balanced[0m
[97m[INFO ] Selecting reference view using strategy: saddle_balanced[0m
[97m[INFO ] Selecting reference view using strategy: saddle_balanced[0m
[97m[INFO ] Selecting reference view using strategy: saddle_balanced[0m
[97m[INFO ] Selecting reference view using strategy: saddle_balanced[0m
[97m[INFO ] Selecting reference view using strategy: saddle_balanced[0m
[97m[INFO ] Selecting reference view using strategy: saddle_balanced[0m
[fovbench]   frame 50/300 (80s)
[97m[INFO ] Selecting reference view using strategy: saddle_balanced[0m
[97m[INFO ] Selecting reference view using strategy: saddle_balanced[0m
[97m[INFO ] Selecting reference view using strategy: saddle_balanced[0m
[97m[INFO ] Selecting reference view using strategy: saddle_balanced[0m
[97m[INFO ] Selecting reference view using strategy: saddle_balanced[0m
[97m[INFO ] Selecting reference view using strategy: saddle_balanced[0m
[97m[INFO ] Selecting reference view using strategy: saddle_balanced[0m
[97m[INFO ] Selecting reference view using strategy: saddle_balanced[0m
[97m[INFO ] Selecting reference view using strategy: saddle_balanced[0m
[97m[INFO ] Selecting reference view using strategy: saddle_balanced[0m
[97m[INFO ] Selecting reference view using strategy: saddle_balanced[0m
[97m[INFO ] Selecting reference view using strategy: saddle_balanced[0m
[97m[INFO ] Selecting reference view using strategy: saddle_balanced[0m
[97m[INFO ] Selecting reference view using strategy: saddle_balanced[0m
[97m[INFO ] Selecting reference view using strategy: saddle_balanced[0m
[97m[INFO ] Selecting reference view using strategy: saddle_balanced[0m
[97m[INFO ] Selecting reference view using strategy: saddle_balanced[0m
[97m[INFO ] Selecting reference view using strategy: saddle_balanced[0m
[97m[INFO ] Selecting reference view using strategy: saddle_balanced[0m
[97m[INFO ] Selecting reference view using strategy: saddle_balanced[0m
[fovbench]   frame 55/300 (88s)
[97m[INFO ] Selecting reference view using strategy: saddle_balanced[0m
[97m[INFO ] Selecting reference view using strategy: saddle_balanced[0m
[97m[INFO ] Selecting reference view using strategy: saddle_balanced[0m
[97m[INFO ] Selecting reference view using strategy: saddle_balanced[0m
[97m[INFO ] Selecting reference view using strategy: saddle_balanced[0m
[97m[INFO ] Selecting reference view using strategy: saddle_balanced[0m
[97m[INFO ] Selecting reference view using strategy: saddle_balanced[0m
[97m[INFO ] Selecting reference view using strategy: saddle_balanced[0m
[97m[INFO ] Selecting reference view using strategy: saddle_balanced[0m
[97m[INFO ] Selecting reference view using strategy: saddle_balanced[0m
[97m[INFO ] Selecting reference view using strategy: saddle_balanced[0m
[97m[INFO ] Selecting reference view using strategy: saddle_balanced[0m
[97m[INFO ] Selecting reference view using strategy: saddle_balanced[0m
[97m[INFO ] Selecting reference view using strategy: saddle_balanced[0m
[97m[INFO ] Selecting reference view using strategy: saddle_balanced[0m
[97m[INFO ] Selecting reference view using strategy: saddle_balanced[0m
[97m[INFO ] Selecting reference view using strategy: saddle_balanced[0m
[97m[INFO ] Selecting reference view using strategy: saddle_balanced[0m
[97m[INFO ] Selecting reference view using strategy: saddle_balanced[0m
[97m[INFO ] Selecting reference view using strategy: saddle_balanced[0m
[fovbench]   frame 60/300 (95s)
[97m[INFO ] Selecting reference view using strategy: saddle_balanced[0m
[97m[INFO ] Selecting reference view using strategy: saddle_balanced[0m
[97m[INFO ] Selecting reference view using strategy: saddle_balanced[0m
[97m[INFO ] Selecting reference view using strategy: saddle_balanced[0m
[97m[INFO ] Selecting reference view using strategy: saddle_balanced[0m
[97m[INFO ] Selecting reference view using strategy: saddle_balanced[0m
[97m[INFO ] Selecting reference view using strategy: saddle_balanced[0m
[97m[INFO ] Selecting reference view using strategy: saddle_balanced[0m
[97m[INFO ] Selecting reference view using strategy: saddle_balanced[0m
[97m[INFO ] Selecting reference view using strategy: saddle_balanced[0m
[97m[INFO ] Selecting reference view using strategy: saddle_balanced[0m
[97m[INFO ] Selecting reference view using strategy: saddle_balanced[0m
[97m[INFO ] Selecting reference view using strategy: saddle_balanced[0m
[97m[INFO ] Selecting reference view using strategy: saddle_balanced[0m
[97m[INFO ] Selecting reference view using strategy: saddle_balanced[0m
[97m[INFO ] Selecting reference view using strategy: saddle_balanced[0m
[97m[INFO ] Selecting reference view using strategy: saddle_balanced[0m
[97m[INFO ] Selecting reference view using strategy: saddle_balanced[0m
[97m[INFO ] Selecting reference view using strategy: saddle_balanced[0m
[97m[INFO ] Selecting reference view using strategy: saddle_balanced[0m
[fovbench]   frame 65/300 (102s)
[97m[INFO ] Selecting reference view using strategy: saddle_balanced[0m
[97m[INFO ] Selecting reference view using strategy: saddle_balanced[0m
[97m[INFO ] Selecting reference view using strategy: saddle_balanced[0m
[97m[INFO ] Selecting reference view using strategy: saddle_balanced[0m
[97m[INFO ] Selecting reference view using strategy: saddle_balanced[0m
[97m[INFO ] Selecting reference view using strategy: saddle_balanced[0m
[97m[INFO ] Selecting reference view using strategy: saddle_balanced[0m
[97m[INFO ] Selecting reference view using strategy: saddle_balanced[0m
[97m[INFO ] Selecting reference view using strategy: saddle_balanced[0m
[97m[INFO ] Selecting reference view using strategy: saddle_balanced[0m
[97m[INFO ] Selecting reference view using strategy: saddle_balanced[0m
[97m[INFO ] Selecting reference view using strategy: saddle_balanced[0m
[97m[INFO ] Selecting reference view using strategy: saddle_balanced[0m
[97m[INFO ] Selecting reference view using strategy: saddle_balanced[0m
[97m[INFO ] Selecting reference view using strategy: saddle_balanced[0m
[97m[INFO ] Selecting reference view using strategy: saddle_balanced[0m
[97m[INFO ] Selecting reference view using strategy: saddle_balanced[0m
[97m[INFO ] Selecting reference view using strategy: saddle_balanced[0m
[97m[INFO ] Selecting reference view using strategy: saddle_balanced[0m
[97m[INFO ] Selecting reference view using strategy: saddle_balanced[0m
[fovbench]   frame 70/300 (110s)
[97m[INFO ] Selecting reference view using strategy: saddle_balanced[0m
[97m[INFO ] Selecting reference view using strategy: saddle_balanced[0m
[97m[INFO ] Selecting reference view using strategy: saddle_balanced[0m
[97m[INFO ] Selecting reference view using strategy: saddle_balanced[0m
[97m[INFO ] Selecting reference view using strategy: saddle_balanced[0m
[97m[INFO ] Selecting reference view using strategy: saddle_balanced[0m
[97m[INFO ] Selecting reference view using strategy: saddle_balanced[0m
[97m[INFO ] Selecting reference view using strategy: saddle_balanced[0m
[97m[INFO ] Selecting reference view using strategy: saddle_balanced[0m
[97m[INFO ] Selecting reference view using strategy: saddle_balanced[0m
[97m[INFO ] Selecting reference view using strategy: saddle_balanced[0m
[97m[INFO ] Selecting reference view using strategy: saddle_balanced[0m
[97m[INFO ] Selecting reference view using strategy: saddle_balanced[0m
[97m[INFO ] Selecting reference view using strategy: saddle_balanced[0m
[97m[INFO ] Selecting reference view using strategy: saddle_balanced[0m
[97m[INFO ] Selecting reference view using strategy: saddle_balanced[0m
[97m[INFO ] Selecting reference view using strategy: saddle_balanced[0m
[97m[INFO ] Selecting reference view using strategy: saddle_balanced[0m
[97m[INFO ] Selecting reference view using strategy: saddle_balanced[0m
[97m[INFO ] Selecting reference view using strategy: saddle_balanced[0m
[fovbench]   frame 75/300 (117s)
[97m[INFO ] Selecting reference view using strategy: saddle_balanced[0m
[97m[INFO ] Selecting reference view using strategy: saddle_balanced[0m
[97m[INFO ] Selecting reference view using strategy: saddle_balanced[0m
[97m[INFO ] Selecting reference view using strategy: saddle_balanced[0m
[97m[INFO ] Selecting reference view using strategy: saddle_balanced[0m
[97m[INFO ] Selecting reference view using strategy: saddle_balanced[0m
[97m[INFO ] Selecting reference view using strategy: saddle_balanced[0m
[97m[INFO ] Selecting reference view using strategy: saddle_balanced[0m
[97m[INFO ] Selecting reference view using strategy: saddle_balanced[0m
[97m[INFO ] Selecting reference view using strategy: saddle_balanced[0m
[97m[INFO ] Selecting reference view using strategy: saddle_balanced[0m
[97m[INFO ] Selecting reference view using strategy: saddle_balanced[0m
[97m[INFO ] Selecting reference view using strategy: saddle_balanced[0m
[97m[INFO ] Selecting reference view using strategy: saddle_balanced[0m
[97m[INFO ] Selecting reference view using strategy: saddle_balanced[0m
[97m[INFO ] Selecting reference view using strategy: saddle_balanced[0m
[97m[INFO ] Selecting reference view using strategy: saddle_balanced[0m
[97m[INFO ] Selecting reference view using strategy: saddle_balanced[0m
[97m[INFO ] Selecting reference view using strategy: saddle_balanced[0m
[97m[INFO ] Selecting reference view using strategy: saddle_balanced[0m
[fovbench]   frame 80/300 (125s)
[97m[INFO ] Selecting reference view using strategy: saddle_balanced[0m
[97m[INFO ] Selecting reference view using strategy: saddle_balanced[0m
[97m[INFO ] Selecting reference view using strategy: saddle_balanced[0m
[97m[INFO ] Selecting reference view using strategy: saddle_balanced[0m
[97m[INFO ] Selecting reference view using strategy: saddle_balanced[0m
[97m[INFO ] Selecting reference view using strategy: saddle_balanced[0m
[97m[INFO ] Selecting reference view using strategy: saddle_balanced[0m
[97m[INFO ] Selecting reference view using strategy: saddle_balanced[0m
[97m[INFO ] Selecting reference view using strategy: saddle_balanced[0m
[97m[INFO ] Selecting reference view using strategy: saddle_balanced[0m
[97m[INFO ] Selecting reference view using strategy: saddle_balanced[0m
[97m[INFO ] Selecting reference view using strategy: saddle_balanced[0m
[97m[INFO ] Selecting reference view using strategy: saddle_balanced[0m
[97m[INFO ] Selecting reference view using strategy: saddle_balanced[0m
[97m[INFO ] Selecting reference view using strategy: saddle_balanced[0m
[97m[INFO ] Selecting reference view using strategy: saddle_balanced[0m
[97m[INFO ] Selecting reference view using strategy: saddle_balanced[0m
[97m[INFO ] Selecting reference view using strategy: saddle_balanced[0m
[97m[INFO ] Selecting reference view using strategy: saddle_balanced[0m
[97m[INFO ] Selecting reference view using strategy: saddle_balanced[0m
[fovbench]   frame 85/300 (132s)
[97m[INFO ] Selecting reference view using strategy: saddle_balanced[0m
[97m[INFO ] Selecting reference view using strategy: saddle_balanced[0m
[97m[INFO ] Selecting reference view using strategy: saddle_balanced[0m
[97m[INFO ] Selecting reference view using strategy: saddle_balanced[0m
[97m[INFO ] Selecting reference view using strategy: saddle_balanced[0m
[97m[INFO ] Selecting reference view using strategy: saddle_balanced[0m
[97m[INFO ] Selecting reference view using strategy: saddle_balanced[0m
[97m[INFO ] Selecting reference view using strategy: saddle_balanced[0m
[97m[INFO ] Selecting reference view using strategy: saddle_balanced[0m
[97m[INFO ] Selecting reference view using strategy: saddle_balanced[0m
[97m[INFO ] Selecting reference view using strategy: saddle_balanced[0m
[97m[INFO ] Selecting reference view using strategy: saddle_balanced[0m
[97m[INFO ] Selecting reference view using strategy: saddle_balanced[0m
[97m[INFO ] Selecting reference view using strategy: saddle_balanced[0m
[97m[INFO ] Selecting reference view using strategy: saddle_balanced[0m
[97m[INFO ] Selecting reference view using strategy: saddle_balanced[0m
[97m[INFO ] Selecting reference view using strategy: saddle_balanced[0m
[97m[INFO ] Selecting reference view using strategy: saddle_balanced[0m
[97m[INFO ] Selecting reference view using strategy: saddle_balanced[0m
[97m[INFO ] Selecting reference view using strategy: saddle_balanced[0m
[fovbench]   frame 90/300 (139s)
[97m[INFO ] Selecting reference view using strategy: saddle_balanced[0m
[97m[INFO ] Selecting reference view using strategy: saddle_balanced[0m
[97m[INFO ] Selecting reference view using strategy: saddle_balanced[0m
[97m[INFO ] Selecting reference view using strategy: saddle_balanced[0m
[97m[INFO ] Selecting reference view using strategy: saddle_balanced[0m
[97m[INFO ] Selecting reference view using strategy: saddle_balanced[0m
[97m[INFO ] Selecting reference view using strategy: saddle_balanced[0m
[97m[INFO ] Selecting reference view using strategy: saddle_balanced[0m
[97m[INFO ] Selecting reference view using strategy: saddle_balanced[0m
[97m[INFO ] Selecting reference view using strategy: saddle_balanced[0m
[97m[INFO ] Selecting reference view using strategy: saddle_balanced[0m
[97m[INFO ] Selecting reference view using strategy: saddle_balanced[0m
[97m[INFO ] Selecting reference view using strategy: saddle_balanced[0m
[97m[INFO ] Selecting reference view using strategy: saddle_balanced[0m
[97m[INFO ] Selecting reference view using strategy: saddle_balanced[0m
[97m[INFO ] Selecting reference view using strategy: saddle_balanced[0m
[97m[INFO ] Selecting reference view using strategy: saddle_balanced[0m
[97m[INFO ] Selecting reference view using strategy: saddle_balanced[0m
[97m[INFO ] Selecting reference view using strategy: saddle_balanced[0m
[97m[INFO ] Selecting reference view using strategy: saddle_balanced[0m
[fovbench]   frame 95/300 (147s)
[97m[INFO ] Selecting reference view using strategy: saddle_balanced[0m
[97m[INFO ] Selecting reference view using strategy: saddle_balanced[0m
[97m[INFO ] Selecting reference view using strategy: saddle_balanced[0m
[97m[INFO ] Selecting reference view using strategy: saddle_balanced[0m
[97m[INFO ] Selecting reference view using strategy: saddle_balanced[0m
[97m[INFO ] Selecting reference view using strategy: saddle_balanced[0m
[97m[INFO ] Selecting reference view using strategy: saddle_balanced[0m
[97m[INFO ] Selecting reference view using strategy: saddle_balanced[0m
[97m[INFO ] Selecting reference view using strategy: saddle_balanced[0m
[97m[INFO ] Selecting reference view using strategy: saddle_balanced[0m
[97m[INFO ] Selecting reference view using strategy: saddle_balanced[0m
[97m[INFO ] Selecting reference view using strategy: saddle_balanced[0m
[97m[INFO ] Selecting reference view using strategy: saddle_balanced[0m
[97m[INFO ] Selecting reference view using strategy: saddle_balanced[0m
[97m[INFO ] Selecting reference view using strategy: saddle_balanced[0m
[97m[INFO ] Selecting reference view using strategy: saddle_balanced[0m
[97m[INFO ] Selecting reference view using strategy: saddle_balanced[0m
[97m[INFO ] Selecting reference view using strategy: saddle_balanced[0m
[97m[INFO ] Selecting reference view using strategy: saddle_balanced[0m
[97m[INFO ] Selecting reference view using strategy: saddle_balanced[0m
[fovbench]   frame 100/300 (154s)
[97m[INFO ] Selecting reference view using strategy: saddle_balanced[0m
[97m[INFO ] Selecting reference view using strategy: saddle_balanced[0m
[97m[INFO ] Selecting reference view using strategy: saddle_balanced[0m
[97m[INFO ] Selecting reference view using strategy: saddle_balanced[0m
[97m[INFO ] Selecting reference view using strategy: saddle_balanced[0m
[97m[INFO ] Selecting reference view using strategy: saddle_balanced[0m
[97m[INFO ] Selecting reference view using strategy: saddle_balanced[0m
[97m[INFO ] Selecting reference view using strategy: saddle_balanced[0m
[97m[INFO ] Selecting reference view using strategy: saddle_balanced[0m
[97m[INFO ] Selecting reference view using strategy: saddle_balanced[0m
[97m[INFO ] Selecting reference view using strategy: saddle_balanced[0m
[97m[INFO ] Selecting reference view using strategy: saddle_balanced[0m
[97m[INFO ] Selecting reference view using strategy: saddle_balanced[0m
[97m[INFO ] Selecting reference view using strategy: saddle_balanced[0m
[97m[INFO ] Selecting reference view using strategy: saddle_balanced[0m
[97m[INFO ] Selecting reference view using strategy: saddle_balanced[0m
[97m[INFO ] Selecting reference view using strategy: saddle_balanced[0m
[97m[INFO ] Selecting reference view using strategy: saddle_balanced[0m
[97m[INFO ] Selecting reference view using strategy: saddle_balanced[0m
[97m[INFO ] Selecting reference view using strategy: saddle_balanced[0m
[fovbench]   frame 105/300 (161s)
[97m[INFO ] Selecting reference view using strategy: saddle_balanced[0m
[97m[INFO ] Selecting reference view using strategy: saddle_balanced[0m
[97m[INFO ] Selecting reference view using strategy: saddle_balanced[0m
[97m[INFO ] Selecting reference view using strategy: saddle_balanced[0m
[97m[INFO ] Selecting reference view using strategy: saddle_balanced[0m
[97m[INFO ] Selecting reference view using strategy: saddle_balanced[0m
[97m[INFO ] Selecting reference view using strategy: saddle_balanced[0m
[97m[INFO ] Selecting reference view using strategy: saddle_balanced[0m
[97m[INFO ] Selecting reference view using strategy: saddle_balanced[0m
[97m[INFO ] Selecting reference view using strategy: saddle_balanced[0m
[97m[INFO ] Selecting reference view using strategy: saddle_balanced[0m
[97m[INFO ] Selecting reference view using strategy: saddle_balanced[0m
[97m[INFO ] Selecting reference view using strategy: saddle_balanced[0m
[97m[INFO ] Selecting reference view using strategy: saddle_balanced[0m
[97m[INFO ] Selecting reference view using strategy: saddle_balanced[0m
[97m[INFO ] Selecting reference view using strategy: saddle_balanced[0m
[97m[INFO ] Selecting reference view using strategy: saddle_balanced[0m
[97m[INFO ] Selecting reference view using strategy: saddle_balanced[0m
[97m[INFO ] Selecting reference view using strategy: saddle_balanced[0m
[97m[INFO ] Selecting reference view using strategy: saddle_balanced[0m
[fovbench]   frame 110/300 (169s)
[97m[INFO ] Selecting reference view using strategy: saddle_balanced[0m
[97m[INFO ] Selecting reference view using strategy: saddle_balanced[0m
[97m[INFO ] Selecting reference view using strategy: saddle_balanced[0m
[97m[INFO ] Selecting reference view using strategy: saddle_balanced[0m
[97m[INFO ] Selecting reference view using strategy: saddle_balanced[0m
[97m[INFO ] Selecting reference view using strategy: saddle_balanced[0m
[97m[INFO ] Selecting reference view using strategy: saddle_balanced[0m
[97m[INFO ] Selecting reference view using strategy: saddle_balanced[0m
[97m[INFO ] Selecting reference view using strategy: saddle_balanced[0m
[97m[INFO ] Selecting reference view using strategy: saddle_balanced[0m
[97m[INFO ] Selecting reference view using strategy: saddle_balanced[0m
[97m[INFO ] Selecting reference view using strategy: saddle_balanced[0m
[97m[INFO ] Selecting reference view using strategy: saddle_balanced[0m
[97m[INFO ] Selecting reference view using strategy: saddle_balanced[0m
[97m[INFO ] Selecting reference view using strategy: saddle_balanced[0m
[97m[INFO ] Selecting reference view using strategy: saddle_balanced[0m
[97m[INFO ] Selecting reference view using strategy: saddle_balanced[0m
[97m[INFO ] Selecting reference view using strategy: saddle_balanced[0m
[97m[INFO ] Selecting reference view using strategy: saddle_balanced[0m
[97m[INFO ] Selecting reference view using strategy: saddle_balanced[0m
[fovbench]   frame 115/300 (176s)
[97m[INFO ] Selecting reference view using strategy: saddle_balanced[0m
[97m[INFO ] Selecting reference view using strategy: saddle_balanced[0m
[97m[INFO ] Selecting reference view using strategy: saddle_balanced[0m
[97m[INFO ] Selecting reference view using strategy: saddle_balanced[0m
[97m[INFO ] Selecting reference view using strategy: saddle_balanced[0m
[97m[INFO ] Selecting reference view using strategy: saddle_balanced[0m
[97m[INFO ] Selecting reference view using strategy: saddle_balanced[0m
[97m[INFO ] Selecting reference view using strategy: saddle_balanced[0m
[97m[INFO ] Selecting reference view using strategy: saddle_balanced[0m
[97m[INFO ] Selecting reference view using strategy: saddle_balanced[0m
[97m[INFO ] Selecting reference view using strategy: saddle_balanced[0m
[97m[INFO ] Selecting reference view using strategy: saddle_balanced[0m
[97m[INFO ] Selecting reference view using strategy: saddle_balanced[0m
[97m[INFO ] Selecting reference view using strategy: saddle_balanced[0m
[97m[INFO ] Selecting reference view using strategy: saddle_balanced[0m
[97m[INFO ] Selecting reference view using strategy: saddle_balanced[0m
[97m[INFO ] Selecting reference view using strategy: saddle_balanced[0m
[97m[INFO ] Selecting reference view using strategy: saddle_balanced[0m
[97m[INFO ] Selecting reference view using strategy: saddle_balanced[0m
[97m[INFO ] Selecting reference view using strategy: saddle_balanced[0m
[fovbench]   frame 120/300 (183s)
[97m[INFO ] Selecting reference view using strategy: saddle_balanced[0m
[97m[INFO ] Selecting reference view using strategy: saddle_balanced[0m
[97m[INFO ] Selecting reference view using strategy: saddle_balanced[0m
[97m[INFO ] Selecting reference view using strategy: saddle_balanced[0m
[97m[INFO ] Selecting reference view using strategy: saddle_balanced[0m
[97m[INFO ] Selecting reference view using strategy: saddle_balanced[0m
[97m[INFO ] Selecting reference view using strategy: saddle_balanced[0m
[97m[INFO ] Selecting reference view using strategy: saddle_balanced[0m
[97m[INFO ] Selecting reference view using strategy: saddle_balanced[0m
[97m[INFO ] Selecting reference view using strategy: saddle_balanced[0m
[97m[INFO ] Selecting reference view using strategy: saddle_balanced[0m
[97m[INFO ] Selecting reference view using strategy: saddle_balanced[0m
[97m[INFO ] Selecting reference view using strategy: saddle_balanced[0m
[97m[INFO ] Selecting reference view using strategy: saddle_balanced[0m
[97m[INFO ] Selecting reference view using strategy: saddle_balanced[0m
[97m[INFO ] Selecting reference view using strategy: saddle_balanced[0m
[97m[INFO ] Selecting reference view using strategy: saddle_balanced[0m
[97m[INFO ] Selecting reference view using strategy: saddle_balanced[0m
[97m[INFO ] Selecting reference view using strategy: saddle_balanced[0m
[97m[INFO ] Selecting reference view using strategy: saddle_balanced[0m
[fovbench]   frame 125/300 (191s)
[97m[INFO ] Selecting reference view using strategy: saddle_balanced[0m
[97m[INFO ] Selecting reference view using strategy: saddle_balanced[0m
[97m[INFO ] Selecting reference view using strategy: saddle_balanced[0m
[97m[INFO ] Selecting reference view using strategy: saddle_balanced[0m
[97m[INFO ] Selecting reference view using strategy: saddle_balanced[0m
[97m[INFO ] Selecting reference view using strategy: saddle_balanced[0m
[97m[INFO ] Selecting reference view using strategy: saddle_balanced[0m
[97m[INFO ] Selecting reference view using strategy: saddle_balanced[0m
[97m[INFO ] Selecting reference view using strategy: saddle_balanced[0m
[97m[INFO ] Selecting reference view using strategy: saddle_balanced[0m
[97m[INFO ] Selecting reference view using strategy: saddle_balanced[0m
[97m[INFO ] Selecting reference view using strategy: saddle_balanced[0m
[97m[INFO ] Selecting reference view using strategy: saddle_balanced[0m
[97m[INFO ] Selecting reference view using strategy: saddle_balanced[0m
[97m[INFO ] Selecting reference view using strategy: saddle_balanced[0m
[97m[INFO ] Selecting reference view using strategy: saddle_balanced[0m
[97m[INFO ] Selecting reference view using strategy: saddle_balanced[0m
[97m[INFO ] Selecting reference view using strategy: saddle_balanced[0m
[97m[INFO ] Selecting reference view using strategy: saddle_balanced[0m
[97m[INFO ] Selecting reference view using strategy: saddle_balanced[0m
[fovbench]   frame 130/300 (198s)
[97m[INFO ] Selecting reference view using strategy: saddle_balanced[0m
[97m[INFO ] Selecting reference view using strategy: saddle_balanced[0m
[97m[INFO ] Selecting reference view using strategy: saddle_balanced[0m
[97m[INFO ] Selecting reference view using strategy: saddle_balanced[0m
[97m[INFO ] Selecting reference view using strategy: saddle_balanced[0m
[97m[INFO ] Selecting reference view using strategy: saddle_balanced[0m
[97m[INFO ] Selecting reference view using strategy: saddle_balanced[0m
[97m[INFO ] Selecting reference view using strategy: saddle_balanced[0m
[97m[INFO ] Selecting reference view using strategy: saddle_balanced[0m
[97m[INFO ] Selecting reference view using strategy: saddle_balanced[0m
[97m[INFO ] Selecting reference view using strategy: saddle_balanced[0m
[97m[INFO ] Selecting reference view using strategy: saddle_balanced[0m
[97m[INFO ] Selecting reference view using strategy: saddle_balanced[0m
[97m[INFO ] Selecting reference view using strategy: saddle_balanced[0m
[97m[INFO ] Selecting reference view using strategy: saddle_balanced[0m
[97m[INFO ] Selecting reference view using strategy: saddle_balanced[0m
[97m[INFO ] Selecting reference view using strategy: saddle_balanced[0m
[97m[INFO ] Selecting reference view using strategy: saddle_balanced[0m
[97m[INFO ] Selecting reference view using strategy: saddle_balanced[0m
[97m[INFO ] Selecting reference view using strategy: saddle_balanced[0m
[fovbench]   frame 135/300 (205s)
[97m[INFO ] Selecting reference view using strategy: saddle_balanced[0m
[97m[INFO ] Selecting reference view using strategy: saddle_balanced[0m
[97m[INFO ] Selecting reference view using strategy: saddle_balanced[0m
[97m[INFO ] Selecting reference view using strategy: saddle_balanced[0m
[97m[INFO ] Selecting reference view using strategy: saddle_balanced[0m
[97m[INFO ] Selecting reference view using strategy: saddle_balanced[0m
[97m[INFO ] Selecting reference view using strategy: saddle_balanced[0m
[97m[INFO ] Selecting reference view using strategy: saddle_balanced[0m
[97m[INFO ] Selecting reference view using strategy: saddle_balanced[0m
[97m[INFO ] Selecting reference view using strategy: saddle_balanced[0m
[97m[INFO ] Selecting reference view using strategy: saddle_balanced[0m
[97m[INFO ] Selecting reference view using strategy: saddle_balanced[0m
[97m[INFO ] Selecting reference view using strategy: saddle_balanced[0m
[97m[INFO ] Selecting reference view using strategy: saddle_balanced[0m
[97m[INFO ] Selecting reference view using strategy: saddle_balanced[0m
[97m[INFO ] Selecting reference view using strategy: saddle_balanced[0m
[97m[INFO ] Selecting reference view using strategy: saddle_balanced[0m
[97m[INFO ] Selecting reference view using strategy: saddle_balanced[0m
[97m[INFO ] Selecting reference view using strategy: saddle_balanced[0m
[97m[INFO ] Selecting reference view using strategy: saddle_balanced[0m
[fovbench]   frame 140/300 (212s)
[97m[INFO ] Selecting reference view using strategy: saddle_balanced[0m
[97m[INFO ] Selecting reference view using strategy: saddle_balanced[0m
[97m[INFO ] Selecting reference view using strategy: saddle_balanced[0m
[97m[INFO ] Selecting reference view using strategy: saddle_balanced[0m
[97m[INFO ] Selecting reference view using strategy: saddle_balanced[0m
[97m[INFO ] Selecting reference view using strategy: saddle_balanced[0m
[97m[INFO ] Selecting reference view using strategy: saddle_balanced[0m
[97m[INFO ] Selecting reference view using strategy: saddle_balanced[0m
[97m[INFO ] Selecting reference view using strategy: saddle_balanced[0m
[97m[INFO ] Selecting reference view using strategy: saddle_balanced[0m
[97m[INFO ] Selecting reference view using strategy: saddle_balanced[0m
[97m[INFO ] Selecting reference view using strategy: saddle_balanced[0m
[97m[INFO ] Selecting reference view using strategy: saddle_balanced[0m
[97m[INFO ] Selecting reference view using strategy: saddle_balanced[0m
[97m[INFO ] Selecting reference view using strategy: saddle_balanced[0m
[97m[INFO ] Selecting reference view using strategy: saddle_balanced[0m
[97m[INFO ] Selecting reference view using strategy: saddle_balanced[0m
[97m[INFO ] Selecting reference view using strategy: saddle_balanced[0m
[97m[INFO ] Selecting reference view using strategy: saddle_balanced[0m
[97m[INFO ] Selecting reference view using strategy: saddle_balanced[0m
[fovbench]   frame 145/300 (219s)
[97m[INFO ] Selecting reference view using strategy: saddle_balanced[0m
[97m[INFO ] Selecting reference view using strategy: saddle_balanced[0m
[97m[INFO ] Selecting reference view using strategy: saddle_balanced[0m
[97m[INFO ] Selecting reference view using strategy: saddle_balanced[0m
[97m[INFO ] Selecting reference view using strategy: saddle_balanced[0m
[97m[INFO ] Selecting reference view using strategy: saddle_balanced[0m
[97m[INFO ] Selecting reference view using strategy: saddle_balanced[0m
[97m[INFO ] Selecting reference view using strategy: saddle_balanced[0m
[97m[INFO ] Selecting reference view using strategy: saddle_balanced[0m
[97m[INFO ] Selecting reference view using strategy: saddle_balanced[0m
[97m[INFO ] Selecting reference view using strategy: saddle_balanced[0m
[97m[INFO ] Selecting reference view using strategy: saddle_balanced[0m
[97m[INFO ] Selecting reference view using strategy: saddle_balanced[0m
[97m[INFO ] Selecting reference view using strategy: saddle_balanced[0m
[97m[INFO ] Selecting reference view using strategy: saddle_balanced[0m
[97m[INFO ] Selecting reference view using strategy: saddle_balanced[0m
[97m[INFO ] Selecting reference view using strategy: saddle_balanced[0m
[97m[INFO ] Selecting reference view using strategy: saddle_balanced[0m
[97m[INFO ] Selecting reference view using strategy: saddle_balanced[0m
[97m[INFO ] Selecting reference view using strategy: saddle_balanced[0m
[fovbench]   frame 150/300 (226s)
[97m[INFO ] Selecting reference view using strategy: saddle_balanced[0m
[97m[INFO ] Selecting reference view using strategy: saddle_balanced[0m
[97m[INFO ] Selecting reference view using strategy: saddle_balanced[0m
[97m[INFO ] Selecting reference view using strategy: saddle_balanced[0m
[97m[INFO ] Selecting reference view using strategy: saddle_balanced[0m
[97m[INFO ] Selecting reference view using strategy: saddle_balanced[0m
[97m[INFO ] Selecting reference view using strategy: saddle_balanced[0m
[97m[INFO ] Selecting reference view using strategy: saddle_balanced[0m
[97m[INFO ] Selecting reference view using strategy: saddle_balanced[0m
[97m[INFO ] Selecting reference view using strategy: saddle_balanced[0m
[97m[INFO ] Selecting reference view using strategy: saddle_balanced[0m
[97m[INFO ] Selecting reference view using strategy: saddle_balanced[0m
[97m[INFO ] Selecting reference view using strategy: saddle_balanced[0m
[97m[INFO ] Selecting reference view using strategy: saddle_balanced[0m
[97m[INFO ] Selecting reference view using strategy: saddle_balanced[0m
[97m[INFO ] Selecting reference view using strategy: saddle_balanced[0m
[97m[INFO ] Selecting reference view using strategy: saddle_balanced[0m
[97m[INFO ] Selecting reference view using strategy: saddle_balanced[0m
[97m[INFO ] Selecting reference view using strategy: saddle_balanced[0m
[97m[INFO ] Selecting reference view using strategy: saddle_balanced[0m
[fovbench]   frame 155/300 (233s)
[97m[INFO ] Selecting reference view using strategy: saddle_balanced[0m
[97m[INFO ] Selecting reference view using strategy: saddle_balanced[0m
[97m[INFO ] Selecting reference view using strategy: saddle_balanced[0m
[97m[INFO ] Selecting reference view using strategy: saddle_balanced[0m
[97m[INFO ] Selecting reference view using strategy: saddle_balanced[0m
[97m[INFO ] Selecting reference view using strategy: saddle_balanced[0m
[97m[INFO ] Selecting reference view using strategy: saddle_balanced[0m
[97m[INFO ] Selecting reference view using strategy: saddle_balanced[0m
[97m[INFO ] Selecting reference view using strategy: saddle_balanced[0m
[97m[INFO ] Selecting reference view using strategy: saddle_balanced[0m
[97m[INFO ] Selecting reference view using strategy: saddle_balanced[0m
[97m[INFO ] Selecting reference view using strategy: saddle_balanced[0m
[97m[INFO ] Selecting reference view using strategy: saddle_balanced[0m
[97m[INFO ] Selecting reference view using strategy: saddle_balanced[0m
[97m[INFO ] Selecting reference view using strategy: saddle_balanced[0m
[97m[INFO ] Selecting reference view using strategy: saddle_balanced[0m
[97m[INFO ] Selecting reference view using strategy: saddle_balanced[0m
[97m[INFO ] Selecting reference view using strategy: saddle_balanced[0m
[97m[INFO ] Selecting reference view using strategy: saddle_balanced[0m
[97m[INFO ] Selecting reference view using strategy: saddle_balanced[0m
[fovbench]   frame 160/300 (241s)
[97m[INFO ] Selecting reference view using strategy: saddle_balanced[0m
[97m[INFO ] Selecting reference view using strategy: saddle_balanced[0m
[97m[INFO ] Selecting reference view using strategy: saddle_balanced[0m
[97m[INFO ] Selecting reference view using strategy: saddle_balanced[0m
[97m[INFO ] Selecting reference view using strategy: saddle_balanced[0m
[97m[INFO ] Selecting reference view using strategy: saddle_balanced[0m
[97m[INFO ] Selecting reference view using strategy: saddle_balanced[0m
[97m[INFO ] Selecting reference view using strategy: saddle_balanced[0m
[97m[INFO ] Selecting reference view using strategy: saddle_balanced[0m
[97m[INFO ] Selecting reference view using strategy: saddle_balanced[0m
[97m[INFO ] Selecting reference view using strategy: saddle_balanced[0m
[97m[INFO ] Selecting reference view using strategy: saddle_balanced[0m
[97m[INFO ] Selecting reference view using strategy: saddle_balanced[0m
[97m[INFO ] Selecting reference view using strategy: saddle_balanced[0m
[97m[INFO ] Selecting reference view using strategy: saddle_balanced[0m
[97m[INFO ] Selecting reference view using strategy: saddle_balanced[0m
[97m[INFO ] Selecting reference view using strategy: saddle_balanced[0m
[97m[INFO ] Selecting reference view using strategy: saddle_balanced[0m
[97m[INFO ] Selecting reference view using strategy: saddle_balanced[0m
[97m[INFO ] Selecting reference view using strategy: saddle_balanced[0m
[fovbench]   frame 165/300 (248s)
[97m[INFO ] Selecting reference view using strategy: saddle_balanced[0m
[97m[INFO ] Selecting reference view using strategy: saddle_balanced[0m
[97m[INFO ] Selecting reference view using strategy: saddle_balanced[0m
[97m[INFO ] Selecting reference view using strategy: saddle_balanced[0m
[97m[INFO ] Selecting reference view using strategy: saddle_balanced[0m
[97m[INFO ] Selecting reference view using strategy: saddle_balanced[0m
[97m[INFO ] Selecting reference view using strategy: saddle_balanced[0m
[97m[INFO ] Selecting reference view using strategy: saddle_balanced[0m
[97m[INFO ] Selecting reference view using strategy: saddle_balanced[0m
[97m[INFO ] Selecting reference view using strategy: saddle_balanced[0m
[97m[INFO ] Selecting reference view using strategy: saddle_balanced[0m
[97m[INFO ] Selecting reference view using strategy: saddle_balanced[0m
[97m[INFO ] Selecting reference view using strategy: saddle_balanced[0m
[97m[INFO ] Selecting reference view using strategy: saddle_balanced[0m
[97m[INFO ] Selecting reference view using strategy: saddle_balanced[0m
[97m[INFO ] Selecting reference view using strategy: saddle_balanced[0m
[97m[INFO ] Selecting reference view using strategy: saddle_balanced[0m
[97m[INFO ] Selecting reference view using strategy: saddle_balanced[0m
[97m[INFO ] Selecting reference view using strategy: saddle_balanced[0m
[97m[INFO ] Selecting reference view using strategy: saddle_balanced[0m
[fovbench]   frame 170/300 (256s)
[97m[INFO ] Selecting reference view using strategy: saddle_balanced[0m
[97m[INFO ] Selecting reference view using strategy: saddle_balanced[0m
[97m[INFO ] Selecting reference view using strategy: saddle_balanced[0m
[97m[INFO ] Selecting reference view using strategy: saddle_balanced[0m
[97m[INFO ] Selecting reference view using strategy: saddle_balanced[0m
[97m[INFO ] Selecting reference view using strategy: saddle_balanced[0m
[97m[INFO ] Selecting reference view using strategy: saddle_balanced[0m
[97m[INFO ] Selecting reference view using strategy: saddle_balanced[0m
[97m[INFO ] Selecting reference view using strategy: saddle_balanced[0m
[97m[INFO ] Selecting reference view using strategy: saddle_balanced[0m
[97m[INFO ] Selecting reference view using strategy: saddle_balanced[0m
[97m[INFO ] Selecting reference view using strategy: saddle_balanced[0m
[97m[INFO ] Selecting reference view using strategy: saddle_balanced[0m
[97m[INFO ] Selecting reference view using strategy: saddle_balanced[0m
[97m[INFO ] Selecting reference view using strategy: saddle_balanced[0m
[97m[INFO ] Selecting reference view using strategy: saddle_balanced[0m
[97m[INFO ] Selecting reference view using strategy: saddle_balanced[0m
[97m[INFO ] Selecting reference view using strategy: saddle_balanced[0m
[97m[INFO ] Selecting reference view using strategy: saddle_balanced[0m
[97m[INFO ] Selecting reference view using strategy: saddle_balanced[0m
[fovbench]   frame 175/300 (263s)
[97m[INFO ] Selecting reference view using strategy: saddle_balanced[0m
[97m[INFO ] Selecting reference view using strategy: saddle_balanced[0m
[97m[INFO ] Selecting reference view using strategy: saddle_balanced[0m
[97m[INFO ] Selecting reference view using strategy: saddle_balanced[0m
[97m[INFO ] Selecting reference view using strategy: saddle_balanced[0m
[97m[INFO ] Selecting reference view using strategy: saddle_balanced[0m
[97m[INFO ] Selecting reference view using strategy: saddle_balanced[0m
[97m[INFO ] Selecting reference view using strategy: saddle_balanced[0m
[97m[INFO ] Selecting reference view using strategy: saddle_balanced[0m
[97m[INFO ] Selecting reference view using strategy: saddle_balanced[0m
[97m[INFO ] Selecting reference view using strategy: saddle_balanced[0m
[97m[INFO ] Selecting reference view using strategy: saddle_balanced[0m
[97m[INFO ] Selecting reference view using strategy: saddle_balanced[0m
[97m[INFO ] Selecting reference view using strategy: saddle_balanced[0m
[97m[INFO ] Selecting reference view using strategy: saddle_balanced[0m
[97m[INFO ] Selecting reference view using strategy: saddle_balanced[0m
[97m[INFO ] Selecting reference view using strategy: saddle_balanced[0m
[97m[INFO ] Selecting reference view using strategy: saddle_balanced[0m
[97m[INFO ] Selecting reference view using strategy: saddle_balanced[0m
[97m[INFO ] Selecting reference view using strategy: saddle_balanced[0m
[fovbench]   frame 180/300 (271s)
[97m[INFO ] Selecting reference view using strategy: saddle_balanced[0m
[97m[INFO ] Selecting reference view using strategy: saddle_balanced[0m
[97m[INFO ] Selecting reference view using strategy: saddle_balanced[0m
[97m[INFO ] Selecting reference view using strategy: saddle_balanced[0m
[97m[INFO ] Selecting reference view using strategy: saddle_balanced[0m
[97m[INFO ] Selecting reference view using strategy: saddle_balanced[0m
[97m[INFO ] Selecting reference view using strategy: saddle_balanced[0m
[97m[INFO ] Selecting reference view using strategy: saddle_balanced[0m
[97m[INFO ] Selecting reference view using strategy: saddle_balanced[0m
[97m[INFO ] Selecting reference view using strategy: saddle_balanced[0m
[97m[INFO ] Selecting reference view using strategy: saddle_balanced[0m
[97m[INFO ] Selecting reference view using strategy: saddle_balanced[0m
[97m[INFO ] Selecting reference view using strategy: saddle_balanced[0m
[97m[INFO ] Selecting reference view using strategy: saddle_balanced[0m
[97m[INFO ] Selecting reference view using strategy: saddle_balanced[0m
[97m[INFO ] Selecting reference view using strategy: saddle_balanced[0m
[97m[INFO ] Selecting reference view using strategy: saddle_balanced[0m
[97m[INFO ] Selecting reference view using strategy: saddle_balanced[0m
[97m[INFO ] Selecting reference view using strategy: saddle_balanced[0m
[97m[INFO ] Selecting reference view using strategy: saddle_balanced[0m
[fovbench]   frame 185/300 (278s)
[97m[INFO ] Selecting reference view using strategy: saddle_balanced[0m
[97m[INFO ] Selecting reference view using strategy: saddle_balanced[0m
[97m[INFO ] Selecting reference view using strategy: saddle_balanced[0m
[97m[INFO ] Selecting reference view using strategy: saddle_balanced[0m
[97m[INFO ] Selecting reference view using strategy: saddle_balanced[0m
[97m[INFO ] Selecting reference view using strategy: saddle_balanced[0m
[97m[INFO ] Selecting reference view using strategy: saddle_balanced[0m
[97m[INFO ] Selecting reference view using strategy: saddle_balanced[0m
[97m[INFO ] Selecting reference view using strategy: saddle_balanced[0m
[97m[INFO ] Selecting reference view using strategy: saddle_balanced[0m
[97m[INFO ] Selecting reference view using strategy: saddle_balanced[0m
[97m[INFO ] Selecting reference view using strategy: saddle_balanced[0m
[97m[INFO ] Selecting reference view using strategy: saddle_balanced[0m
[97m[INFO ] Selecting reference view using strategy: saddle_balanced[0m
[97m[INFO ] Selecting reference view using strategy: saddle_balanced[0m
[97m[INFO ] Selecting reference view using strategy: saddle_balanced[0m
[97m[INFO ] Selecting reference view using strategy: saddle_balanced[0m
[97m[INFO ] Selecting reference view using strategy: saddle_balanced[0m
[97m[INFO ] Selecting reference view using strategy: saddle_balanced[0m
[97m[INFO ] Selecting reference view using strategy: saddle_balanced[0m
[fovbench]   frame 190/300 (286s)
[97m[INFO ] Selecting reference view using strategy: saddle_balanced[0m
[97m[INFO ] Selecting reference view using strategy: saddle_balanced[0m
[97m[INFO ] Selecting reference view using strategy: saddle_balanced[0m
[97m[INFO ] Selecting reference view using strategy: saddle_balanced[0m
[97m[INFO ] Selecting reference view using strategy: saddle_balanced[0m
[97m[INFO ] Selecting reference view using strategy: saddle_balanced[0m
[97m[INFO ] Selecting reference view using strategy: saddle_balanced[0m
[97m[INFO ] Selecting reference view using strategy: saddle_balanced[0m
[97m[INFO ] Selecting reference view using strategy: saddle_balanced[0m
[97m[INFO ] Selecting reference view using strategy: saddle_balanced[0m
[97m[INFO ] Selecting reference view using strategy: saddle_balanced[0m
[97m[INFO ] Selecting reference view using strategy: saddle_balanced[0m
[97m[INFO ] Selecting reference view using strategy: saddle_balanced[0m
[97m[INFO ] Selecting reference view using strategy: saddle_balanced[0m
[97m[INFO ] Selecting reference view using strategy: saddle_balanced[0m
[97m[INFO ] Selecting reference view using strategy: saddle_balanced[0m
[97m[INFO ] Selecting reference view using strategy: saddle_balanced[0m
[97m[INFO ] Selecting reference view using strategy: saddle_balanced[0m
[97m[INFO ] Selecting reference view using strategy: saddle_balanced[0m
[97m[INFO ] Selecting reference view using strategy: saddle_balanced[0m
[fovbench]   frame 195/300 (293s)
[97m[INFO ] Selecting reference view using strategy: saddle_balanced[0m
[97m[INFO ] Selecting reference view using strategy: saddle_balanced[0m
[97m[INFO ] Selecting reference view using strategy: saddle_balanced[0m
[97m[INFO ] Selecting reference view using strategy: saddle_balanced[0m
[97m[INFO ] Selecting reference view using strategy: saddle_balanced[0m
[97m[INFO ] Selecting reference view using strategy: saddle_balanced[0m
[97m[INFO ] Selecting reference view using strategy: saddle_balanced[0m
[97m[INFO ] Selecting reference view using strategy: saddle_balanced[0m
[97m[INFO ] Selecting reference view using strategy: saddle_balanced[0m
[97m[INFO ] Selecting reference view using strategy: saddle_balanced[0m
[97m[INFO ] Selecting reference view using strategy: saddle_balanced[0m
[97m[INFO ] Selecting reference view using strategy: saddle_balanced[0m
[97m[INFO ] Selecting reference view using strategy: saddle_balanced[0m
[97m[INFO ] Selecting reference view using strategy: saddle_balanced[0m
[97m[INFO ] Selecting reference view using strategy: saddle_balanced[0m
[97m[INFO ] Selecting reference view using strategy: saddle_balanced[0m
[97m[INFO ] Selecting reference view using strategy: saddle_balanced[0m
[97m[INFO ] Selecting reference view using strategy: saddle_balanced[0m
[97m[INFO ] Selecting reference view using strategy: saddle_balanced[0m
[97m[INFO ] Selecting reference view using strategy: saddle_balanced[0m
[fovbench]   frame 200/300 (300s)
[97m[INFO ] Selecting reference view using strategy: saddle_balanced[0m
[97m[INFO ] Selecting reference view using strategy: saddle_balanced[0m
[97m[INFO ] Selecting reference view using strategy: saddle_balanced[0m
[97m[INFO ] Selecting reference view using strategy: saddle_balanced[0m
[97m[INFO ] Selecting reference view using strategy: saddle_balanced[0m
[97m[INFO ] Selecting reference view using strategy: saddle_balanced[0m
[97m[INFO ] Selecting reference view using strategy: saddle_balanced[0m
[97m[INFO ] Selecting reference view using strategy: saddle_balanced[0m
[97m[INFO ] Selecting reference view using strategy: saddle_balanced[0m
[97m[INFO ] Selecting reference view using strategy: saddle_balanced[0m
[97m[INFO ] Selecting reference view using strategy: saddle_balanced[0m
[97m[INFO ] Selecting reference view using strategy: saddle_balanced[0m
[97m[INFO ] Selecting reference view using strategy: saddle_balanced[0m
[97m[INFO ] Selecting reference view using strategy: saddle_balanced[0m
[97m[INFO ] Selecting reference view using strategy: saddle_balanced[0m
[97m[INFO ] Selecting reference view using strategy: saddle_balanced[0m
[97m[INFO ] Selecting reference view using strategy: saddle_balanced[0m
[97m[INFO ] Selecting reference view using strategy: saddle_balanced[0m
[97m[INFO ] Selecting reference view using strategy: saddle_balanced[0m
[97m[INFO ] Selecting reference view using strategy: saddle_balanced[0m
[fovbench]   frame 205/300 (308s)
[97m[INFO ] Selecting reference view using strategy: saddle_balanced[0m
[97m[INFO ] Selecting reference view using strategy: saddle_balanced[0m
[97m[INFO ] Selecting reference view using strategy: saddle_balanced[0m
[97m[INFO ] Selecting reference view using strategy: saddle_balanced[0m
[97m[INFO ] Selecting reference view using strategy: saddle_balanced[0m
[97m[INFO ] Selecting reference view using strategy: saddle_balanced[0m
[97m[INFO ] Selecting reference view using strategy: saddle_balanced[0m
[97m[INFO ] Selecting reference view using strategy: saddle_balanced[0m
[97m[INFO ] Selecting reference view using strategy: saddle_balanced[0m
[97m[INFO ] Selecting reference view using strategy: saddle_balanced[0m
[97m[INFO ] Selecting reference view using strategy: saddle_balanced[0m
[97m[INFO ] Selecting reference view using strategy: saddle_balanced[0m
[97m[INFO ] Selecting reference view using strategy: saddle_balanced[0m
[97m[INFO ] Selecting reference view using strategy: saddle_balanced[0m
[97m[INFO ] Selecting reference view using strategy: saddle_balanced[0m
[97m[INFO ] Selecting reference view using strategy: saddle_balanced[0m
[97m[INFO ] Selecting reference view using strategy: saddle_balanced[0m
[97m[INFO ] Selecting reference view using strategy: saddle_balanced[0m
[97m[INFO ] Selecting reference view using strategy: saddle_balanced[0m
[97m[INFO ] Selecting reference view using strategy: saddle_balanced[0m
[fovbench]   frame 210/300 (315s)
[97m[INFO ] Selecting reference view using strategy: saddle_balanced[0m
[97m[INFO ] Selecting reference view using strategy: saddle_balanced[0m
[97m[INFO ] Selecting reference view using strategy: saddle_balanced[0m
[97m[INFO ] Selecting reference view using strategy: saddle_balanced[0m
[97m[INFO ] Selecting reference view using strategy: saddle_balanced[0m
[97m[INFO ] Selecting reference view using strategy: saddle_balanced[0m
[97m[INFO ] Selecting reference view using strategy: saddle_balanced[0m
[97m[INFO ] Selecting reference view using strategy: saddle_balanced[0m
[97m[INFO ] Selecting reference view using strategy: saddle_balanced[0m
[97m[INFO ] Selecting reference view using strategy: saddle_balanced[0m
[97m[INFO ] Selecting reference view using strategy: saddle_balanced[0m
[97m[INFO ] Selecting reference view using strategy: saddle_balanced[0m
[97m[INFO ] Selecting reference view using strategy: saddle_balanced[0m
[97m[INFO ] Selecting reference view using strategy: saddle_balanced[0m
[97m[INFO ] Selecting reference view using strategy: saddle_balanced[0m
[97m[INFO ] Selecting reference view using strategy: saddle_balanced[0m
[97m[INFO ] Selecting reference view using strategy: saddle_balanced[0m
[97m[INFO ] Selecting reference view using strategy: saddle_balanced[0m
[97m[INFO ] Selecting reference view using strategy: saddle_balanced[0m
[97m[INFO ] Selecting reference view using strategy: saddle_balanced[0m
[fovbench]   frame 215/300 (323s)
[97m[INFO ] Selecting reference view using strategy: saddle_balanced[0m
[97m[INFO ] Selecting reference view using strategy: saddle_balanced[0m
[97m[INFO ] Selecting reference view using strategy: saddle_balanced[0m
[97m[INFO ] Selecting reference view using strategy: saddle_balanced[0m
[97m[INFO ] Selecting reference view using strategy: saddle_balanced[0m
[97m[INFO ] Selecting reference view using strategy: saddle_balanced[0m
[97m[INFO ] Selecting reference view using strategy: saddle_balanced[0m
[97m[INFO ] Selecting reference view using strategy: saddle_balanced[0m
[97m[INFO ] Selecting reference view using strategy: saddle_balanced[0m
[97m[INFO ] Selecting reference view using strategy: saddle_balanced[0m
[97m[INFO ] Selecting reference view using strategy: saddle_balanced[0m
[97m[INFO ] Selecting reference view using strategy: saddle_balanced[0m
[97m[INFO ] Selecting reference view using strategy: saddle_balanced[0m
[97m[INFO ] Selecting reference view using strategy: saddle_balanced[0m
[97m[INFO ] Selecting reference view using strategy: saddle_balanced[0m
[97m[INFO ] Selecting reference view using strategy: saddle_balanced[0m
[97m[INFO ] Selecting reference view using strategy: saddle_balanced[0m
[97m[INFO ] Selecting reference view using strategy: saddle_balanced[0m
[97m[INFO ] Selecting reference view using strategy: saddle_balanced[0m
[97m[INFO ] Selecting reference view using strategy: saddle_balanced[0m
[fovbench]   frame 220/300 (330s)
[97m[INFO ] Selecting reference view using strategy: saddle_balanced[0m
[97m[INFO ] Selecting reference view using strategy: saddle_balanced[0m
[97m[INFO ] Selecting reference view using strategy: saddle_balanced[0m
[97m[INFO ] Selecting reference view using strategy: saddle_balanced[0m
[97m[INFO ] Selecting reference view using strategy: saddle_balanced[0m
[97m[INFO ] Selecting reference view using strategy: saddle_balanced[0m
[97m[INFO ] Selecting reference view using strategy: saddle_balanced[0m
[97m[INFO ] Selecting reference view using strategy: saddle_balanced[0m
[97m[INFO ] Selecting reference view using strategy: saddle_balanced[0m
[97m[INFO ] Selecting reference view using strategy: saddle_balanced[0m
[97m[INFO ] Selecting reference view using strategy: saddle_balanced[0m
[97m[INFO ] Selecting reference view using strategy: saddle_balanced[0m
[97m[INFO ] Selecting reference view using strategy: saddle_balanced[0m
[97m[INFO ] Selecting reference view using strategy: saddle_balanced[0m
[97m[INFO ] Selecting reference view using strategy: saddle_balanced[0m
[97m[INFO ] Selecting reference view using strategy: saddle_balanced[0m
[97m[INFO ] Selecting reference view using strategy: saddle_balanced[0m
[97m[INFO ] Selecting reference view using strategy: saddle_balanced[0m
[97m[INFO ] Selecting reference view using strategy: saddle_balanced[0m
[97m[INFO ] Selecting reference view using strategy: saddle_balanced[0m
[fovbench]   frame 225/300 (337s)
[97m[INFO ] Selecting reference view using strategy: saddle_balanced[0m
[97m[INFO ] Selecting reference view using strategy: saddle_balanced[0m
[97m[INFO ] Selecting reference view using strategy: saddle_balanced[0m
[97m[INFO ] Selecting reference view using strategy: saddle_balanced[0m
[97m[INFO ] Selecting reference view using strategy: saddle_balanced[0m
[97m[INFO ] Selecting reference view using strategy: saddle_balanced[0m
[97m[INFO ] Selecting reference view using strategy: saddle_balanced[0m
[97m[INFO ] Selecting reference view using strategy: saddle_balanced[0m
[97m[INFO ] Selecting reference view using strategy: saddle_balanced[0m
[97m[INFO ] Selecting reference view using strategy: saddle_balanced[0m
[97m[INFO ] Selecting reference view using strategy: saddle_balanced[0m
[97m[INFO ] Selecting reference view using strategy: saddle_balanced[0m
[97m[INFO ] Selecting reference view using strategy: saddle_balanced[0m
[97m[INFO ] Selecting reference view using strategy: saddle_balanced[0m
[97m[INFO ] Selecting reference view using strategy: saddle_balanced[0m
[97m[INFO ] Selecting reference view using strategy: saddle_balanced[0m
[97m[INFO ] Selecting reference view using strategy: saddle_balanced[0m
[97m[INFO ] Selecting reference view using strategy: saddle_balanced[0m
[97m[INFO ] Selecting reference view using strategy: saddle_balanced[0m
[97m[INFO ] Selecting reference view using strategy: saddle_balanced[0m
[fovbench]   frame 230/300 (345s)
[97m[INFO ] Selecting reference view using strategy: saddle_balanced[0m
[97m[INFO ] Selecting reference view using strategy: saddle_balanced[0m
[97m[INFO ] Selecting reference view using strategy: saddle_balanced[0m
[97m[INFO ] Selecting reference view using strategy: saddle_balanced[0m
[97m[INFO ] Selecting reference view using strategy: saddle_balanced[0m
[97m[INFO ] Selecting reference view using strategy: saddle_balanced[0m
[97m[INFO ] Selecting reference view using strategy: saddle_balanced[0m
[97m[INFO ] Selecting reference view using strategy: saddle_balanced[0m
[97m[INFO ] Selecting reference view using strategy: saddle_balanced[0m
[97m[INFO ] Selecting reference view using strategy: saddle_balanced[0m
[97m[INFO ] Selecting reference view using strategy: saddle_balanced[0m
[97m[INFO ] Selecting reference view using strategy: saddle_balanced[0m
[97m[INFO ] Selecting reference view using strategy: saddle_balanced[0m
[97m[INFO ] Selecting reference view using strategy: saddle_balanced[0m
[97m[INFO ] Selecting reference view using strategy: saddle_balanced[0m
[97m[INFO ] Selecting reference view using strategy: saddle_balanced[0m
[97m[INFO ] Selecting reference view using strategy: saddle_balanced[0m
[97m[INFO ] Selecting reference view using strategy: saddle_balanced[0m
[97m[INFO ] Selecting reference view using strategy: saddle_balanced[0m
[97m[INFO ] Selecting reference view using strategy: saddle_balanced[0m
[fovbench]   frame 235/300 (352s)
[97m[INFO ] Selecting reference view using strategy: saddle_balanced[0m
[97m[INFO ] Selecting reference view using strategy: saddle_balanced[0m
[97m[INFO ] Selecting reference view using strategy: saddle_balanced[0m
[97m[INFO ] Selecting reference view using strategy: saddle_balanced[0m
[97m[INFO ] Selecting reference view using strategy: saddle_balanced[0m
[97m[INFO ] Selecting reference view using strategy: saddle_balanced[0m
[97m[INFO ] Selecting reference view using strategy: saddle_balanced[0m
[97m[INFO ] Selecting reference view using strategy: saddle_balanced[0m
[97m[INFO ] Selecting reference view using strategy: saddle_balanced[0m
[97m[INFO ] Selecting reference view using strategy: saddle_balanced[0m
[97m[INFO ] Selecting reference view using strategy: saddle_balanced[0m
[97m[INFO ] Selecting reference view using strategy: saddle_balanced[0m
[97m[INFO ] Selecting reference view using strategy: saddle_balanced[0m
[97m[INFO ] Selecting reference view using strategy: saddle_balanced[0m
[97m[INFO ] Selecting reference view using strategy: saddle_balanced[0m
[97m[INFO ] Selecting reference view using strategy: saddle_balanced[0m
[97m[INFO ] Selecting reference view using strategy: saddle_balanced[0m
[97m[INFO ] Selecting reference view using strategy: saddle_balanced[0m
[97m[INFO ] Selecting reference view using strategy: saddle_balanced[0m
[97m[INFO ] Selecting reference view using strategy: saddle_balanced[0m
[fovbench]   frame 240/300 (359s)
[97m[INFO ] Selecting reference view using strategy: saddle_balanced[0m
[97m[INFO ] Selecting reference view using strategy: saddle_balanced[0m
[97m[INFO ] Selecting reference view using strategy: saddle_balanced[0m
[97m[INFO ] Selecting reference view using strategy: saddle_balanced[0m
[97m[INFO ] Selecting reference view using strategy: saddle_balanced[0m
[97m[INFO ] Selecting reference view using strategy: saddle_balanced[0m
[97m[INFO ] Selecting reference view using strategy: saddle_balanced[0m
[97m[INFO ] Selecting reference view using strategy: saddle_balanced[0m
[97m[INFO ] Selecting reference view using strategy: saddle_balanced[0m
[97m[INFO ] Selecting reference view using strategy: saddle_balanced[0m
[97m[INFO ] Selecting reference view using strategy: saddle_balanced[0m
[97m[INFO ] Selecting reference view using strategy: saddle_balanced[0m
[97m[INFO ] Selecting reference view using strategy: saddle_balanced[0m
[97m[INFO ] Selecting reference view using strategy: saddle_balanced[0m
[97m[INFO ] Selecting reference view using strategy: saddle_balanced[0m
[97m[INFO ] Selecting reference view using strategy: saddle_balanced[0m
[97m[INFO ] Selecting reference view using strategy: saddle_balanced[0m
[97m[INFO ] Selecting reference view using strategy: saddle_balanced[0m
[97m[INFO ] Selecting reference view using strategy: saddle_balanced[0m
[97m[INFO ] Selecting reference view using strategy: saddle_balanced[0m
[fovbench]   frame 245/300 (367s)
[97m[INFO ] Selecting reference view using strategy: saddle_balanced[0m
[97m[INFO ] Selecting reference view using strategy: saddle_balanced[0m
[97m[INFO ] Selecting reference view using strategy: saddle_balanced[0m
[97m[INFO ] Selecting reference view using strategy: saddle_balanced[0m
[97m[INFO ] Selecting reference view using strategy: saddle_balanced[0m
[97m[INFO ] Selecting reference view using strategy: saddle_balanced[0m
[97m[INFO ] Selecting reference view using strategy: saddle_balanced[0m
[97m[INFO ] Selecting reference view using strategy: saddle_balanced[0m
[97m[INFO ] Selecting reference view using strategy: saddle_balanced[0m
[97m[INFO ] Selecting reference view using strategy: saddle_balanced[0m
[97m[INFO ] Selecting reference view using strategy: saddle_balanced[0m
[97m[INFO ] Selecting reference view using strategy: saddle_balanced[0m
[97m[INFO ] Selecting reference view using strategy: saddle_balanced[0m
[97m[INFO ] Selecting reference view using strategy: saddle_balanced[0m
[97m[INFO ] Selecting reference view using strategy: saddle_balanced[0m
[97m[INFO ] Selecting reference view using strategy: saddle_balanced[0m
[97m[INFO ] Selecting reference view using strategy: saddle_balanced[0m
[97m[INFO ] Selecting reference view using strategy: saddle_balanced[0m
[97m[INFO ] Selecting reference view using strategy: saddle_balanced[0m
[97m[INFO ] Selecting reference view using strategy: saddle_balanced[0m
[fovbench]   frame 250/300 (374s)
[97m[INFO ] Selecting reference view using strategy: saddle_balanced[0m
[97m[INFO ] Selecting reference view using strategy: saddle_balanced[0m
[97m[INFO ] Selecting reference view using strategy: saddle_balanced[0m
[97m[INFO ] Selecting reference view using strategy: saddle_balanced[0m
[97m[INFO ] Selecting reference view using strategy: saddle_balanced[0m
[97m[INFO ] Selecting reference view using strategy: saddle_balanced[0m
[97m[INFO ] Selecting reference view using strategy: saddle_balanced[0m
[97m[INFO ] Selecting reference view using strategy: saddle_balanced[0m
[97m[INFO ] Selecting reference view using strategy: saddle_balanced[0m
[97m[INFO ] Selecting reference view using strategy: saddle_balanced[0m
[97m[INFO ] Selecting reference view using strategy: saddle_balanced[0m
[97m[INFO ] Selecting reference view using strategy: saddle_balanced[0m
[97m[INFO ] Selecting reference view using strategy: saddle_balanced[0m
[97m[INFO ] Selecting reference view using strategy: saddle_balanced[0m
[97m[INFO ] Selecting reference view using strategy: saddle_balanced[0m
[97m[INFO ] Selecting reference view using strategy: saddle_balanced[0m
[97m[INFO ] Selecting reference view using strategy: saddle_balanced[0m
[97m[INFO ] Selecting reference view using strategy: saddle_balanced[0m
[97m[INFO ] Selecting reference view using strategy: saddle_balanced[0m
[97m[INFO ] Selecting reference view using strategy: saddle_balanced[0m
[fovbench]   frame 255/300 (382s)
[97m[INFO ] Selecting reference view using strategy: saddle_balanced[0m
[97m[INFO ] Selecting reference view using strategy: saddle_balanced[0m
[97m[INFO ] Selecting reference view using strategy: saddle_balanced[0m
[97m[INFO ] Selecting reference view using strategy: saddle_balanced[0m
[97m[INFO ] Selecting reference view using strategy: saddle_balanced[0m
[97m[INFO ] Selecting reference view using strategy: saddle_balanced[0m
[97m[INFO ] Selecting reference view using strategy: saddle_balanced[0m
[97m[INFO ] Selecting reference view using strategy: saddle_balanced[0m
[97m[INFO ] Selecting reference view using strategy: saddle_balanced[0m
[97m[INFO ] Selecting reference view using strategy: saddle_balanced[0m
[97m[INFO ] Selecting reference view using strategy: saddle_balanced[0m
[97m[INFO ] Selecting reference view using strategy: saddle_balanced[0m
[97m[INFO ] Selecting reference view using strategy: saddle_balanced[0m
[97m[INFO ] Selecting reference view using strategy: saddle_balanced[0m
[97m[INFO ] Selecting reference view using strategy: saddle_balanced[0m
[97m[INFO ] Selecting reference view using strategy: saddle_balanced[0m
[97m[INFO ] Selecting reference view using strategy: saddle_balanced[0m
[97m[INFO ] Selecting reference view using strategy: saddle_balanced[0m
[97m[INFO ] Selecting reference view using strategy: saddle_balanced[0m
[97m[INFO ] Selecting reference view using strategy: saddle_balanced[0m
[fovbench]   frame 260/300 (389s)
[97m[INFO ] Selecting reference view using strategy: saddle_balanced[0m
[97m[INFO ] Selecting reference view using strategy: saddle_balanced[0m
[97m[INFO ] Selecting reference view using strategy: saddle_balanced[0m
[97m[INFO ] Selecting reference view using strategy: saddle_balanced[0m
[97m[INFO ] Selecting reference view using strategy: saddle_balanced[0m
[97m[INFO ] Selecting reference view using strategy: saddle_balanced[0m
[97m[INFO ] Selecting reference view using strategy: saddle_balanced[0m
[97m[INFO ] Selecting reference view using strategy: saddle_balanced[0m
[97m[INFO ] Selecting reference view using strategy: saddle_balanced[0m
[97m[INFO ] Selecting reference view using strategy: saddle_balanced[0m
[97m[INFO ] Selecting reference view using strategy: saddle_balanced[0m
[97m[INFO ] Selecting reference view using strategy: saddle_balanced[0m
[97m[INFO ] Selecting reference view using strategy: saddle_balanced[0m
[97m[INFO ] Selecting reference view using strategy: saddle_balanced[0m
[97m[INFO ] Selecting reference view using strategy: saddle_balanced[0m
[97m[INFO ] Selecting reference view using strategy: saddle_balanced[0m
[97m[INFO ] Selecting reference view using strategy: saddle_balanced[0m
[97m[INFO ] Selecting reference view using strategy: saddle_balanced[0m
[97m[INFO ] Selecting reference view using strategy: saddle_balanced[0m
[97m[INFO ] Selecting reference view using strategy: saddle_balanced[0m
[fovbench]   frame 265/300 (396s)
[97m[INFO ] Selecting reference view using strategy: saddle_balanced[0m
[97m[INFO ] Selecting reference view using strategy: saddle_balanced[0m
[97m[INFO ] Selecting reference view using strategy: saddle_balanced[0m
[97m[INFO ] Selecting reference view using strategy: saddle_balanced[0m
[97m[INFO ] Selecting reference view using strategy: saddle_balanced[0m
[97m[INFO ] Selecting reference view using strategy: saddle_balanced[0m
[97m[INFO ] Selecting reference view using strategy: saddle_balanced[0m
[97m[INFO ] Selecting reference view using strategy: saddle_balanced[0m
[97m[INFO ] Selecting reference view using strategy: saddle_balanced[0m
[97m[INFO ] Selecting reference view using strategy: saddle_balanced[0m
[97m[INFO ] Selecting reference view using strategy: saddle_balanced[0m
[97m[INFO ] Selecting reference view using strategy: saddle_balanced[0m
[97m[INFO ] Selecting reference view using strategy: saddle_balanced[0m
[97m[INFO ] Selecting reference view using strategy: saddle_balanced[0m
[97m[INFO ] Selecting reference view using strategy: saddle_balanced[0m
[97m[INFO ] Selecting reference view using strategy: saddle_balanced[0m
[97m[INFO ] Selecting reference view using strategy: saddle_balanced[0m
[97m[INFO ] Selecting reference view using strategy: saddle_balanced[0m
[97m[INFO ] Selecting reference view using strategy: saddle_balanced[0m
[97m[INFO ] Selecting reference view using strategy: saddle_balanced[0m
[fovbench]   frame 270/300 (404s)
[97m[INFO ] Selecting reference view using strategy: saddle_balanced[0m
[97m[INFO ] Selecting reference view using strategy: saddle_balanced[0m
[97m[INFO ] Selecting reference view using strategy: saddle_balanced[0m
[97m[INFO ] Selecting reference view using strategy: saddle_balanced[0m
[97m[INFO ] Selecting reference view using strategy: saddle_balanced[0m
[97m[INFO ] Selecting reference view using strategy: saddle_balanced[0m
[97m[INFO ] Selecting reference view using strategy: saddle_balanced[0m
[97m[INFO ] Selecting reference view using strategy: saddle_balanced[0m
[97m[INFO ] Selecting reference view using strategy: saddle_balanced[0m
[97m[INFO ] Selecting reference view using strategy: saddle_balanced[0m
[97m[INFO ] Selecting reference view using strategy: saddle_balanced[0m
[97m[INFO ] Selecting reference view using strategy: saddle_balanced[0m
[97m[INFO ] Selecting reference view using strategy: saddle_balanced[0m
[97m[INFO ] Selecting reference view using strategy: saddle_balanced[0m
[97m[INFO ] Selecting reference view using strategy: saddle_balanced[0m
[97m[INFO ] Selecting reference view using strategy: saddle_balanced[0m
[97m[INFO ] Selecting reference view using strategy: saddle_balanced[0m
[97m[INFO ] Selecting reference view using strategy: saddle_balanced[0m
[97m[INFO ] Selecting reference view using strategy: saddle_balanced[0m
[97m[INFO ] Selecting reference view using strategy: saddle_balanced[0m
[fovbench]   frame 275/300 (411s)
[97m[INFO ] Selecting reference view using strategy: saddle_balanced[0m
[97m[INFO ] Selecting reference view using strategy: saddle_balanced[0m
[97m[INFO ] Selecting reference view using strategy: saddle_balanced[0m
[97m[INFO ] Selecting reference view using strategy: saddle_balanced[0m
[97m[INFO ] Selecting reference view using strategy: saddle_balanced[0m
[97m[INFO ] Selecting reference view using strategy: saddle_balanced[0m
[97m[INFO ] Selecting reference view using strategy: saddle_balanced[0m
[97m[INFO ] Selecting reference view using strategy: saddle_balanced[0m
[97m[INFO ] Selecting reference view using strategy: saddle_balanced[0m
[97m[INFO ] Selecting reference view using strategy: saddle_balanced[0m
[97m[INFO ] Selecting reference view using strategy: saddle_balanced[0m
[97m[INFO ] Selecting reference view using strategy: saddle_balanced[0m
[97m[INFO ] Selecting reference view using strategy: saddle_balanced[0m
[97m[INFO ] Selecting reference view using strategy: saddle_balanced[0m
[97m[INFO ] Selecting reference view using strategy: saddle_balanced[0m
[97m[INFO ] Selecting reference view using strategy: saddle_balanced[0m
[97m[INFO ] Selecting reference view using strategy: saddle_balanced[0m
[97m[INFO ] Selecting reference view using strategy: saddle_balanced[0m
[97m[INFO ] Selecting reference view using strategy: saddle_balanced[0m
[97m[INFO ] Selecting reference view using strategy: saddle_balanced[0m
[fovbench]   frame 280/300 (419s)
[97m[INFO ] Selecting reference view using strategy: saddle_balanced[0m
[97m[INFO ] Selecting reference view using strategy: saddle_balanced[0m
[97m[INFO ] Selecting reference view using strategy: saddle_balanced[0m
[97m[INFO ] Selecting reference view using strategy: saddle_balanced[0m
[97m[INFO ] Selecting reference view using strategy: saddle_balanced[0m
[97m[INFO ] Selecting reference view using strategy: saddle_balanced[0m
[97m[INFO ] Selecting reference view using strategy: saddle_balanced[0m
[97m[INFO ] Selecting reference view using strategy: saddle_balanced[0m
[97m[INFO ] Selecting reference view using strategy: saddle_balanced[0m
[97m[INFO ] Selecting reference view using strategy: saddle_balanced[0m
[97m[INFO ] Selecting reference view using strategy: saddle_balanced[0m
[97m[INFO ] Selecting reference view using strategy: saddle_balanced[0m
[97m[INFO ] Selecting reference view using strategy: saddle_balanced[0m
[97m[INFO ] Selecting reference view using strategy: saddle_balanced[0m
[97m[INFO ] Selecting reference view using strategy: saddle_balanced[0m
[97m[INFO ] Selecting reference view using strategy: saddle_balanced[0m
[97m[INFO ] Selecting reference view using strategy: saddle_balanced[0m
[97m[INFO ] Selecting reference view using strategy: saddle_balanced[0m
[97m[INFO ] Selecting reference view using strategy: saddle_balanced[0m
[97m[INFO ] Selecting reference view using strategy: saddle_balanced[0m
[fovbench]   frame 285/300 (426s)
[97m[INFO ] Selecting reference view using strategy: saddle_balanced[0m
[97m[INFO ] Selecting reference view using strategy: saddle_balanced[0m
[97m[INFO ] Selecting reference view using strategy: saddle_balanced[0m
[97m[INFO ] Selecting reference view using strategy: saddle_balanced[0m
[97m[INFO ] Selecting reference view using strategy: saddle_balanced[0m
[97m[INFO ] Selecting reference view using strategy: saddle_balanced[0m
[97m[INFO ] Selecting reference view using strategy: saddle_balanced[0m
[97m[INFO ] Selecting reference view using strategy: saddle_balanced[0m
[97m[INFO ] Selecting reference view using strategy: saddle_balanced[0m
[97m[INFO ] Selecting reference view using strategy: saddle_balanced[0m
[97m[INFO ] Selecting reference view using strategy: saddle_balanced[0m
[97m[INFO ] Selecting reference view using strategy: saddle_balanced[0m
[97m[INFO ] Selecting reference view using strategy: saddle_balanced[0m
[97m[INFO ] Selecting reference view using strategy: saddle_balanced[0m
[97m[INFO ] Selecting reference view using strategy: saddle_balanced[0m
[97m[INFO ] Selecting reference view using strategy: saddle_balanced[0m
[97m[INFO ] Selecting reference view using strategy: saddle_balanced[0m
[97m[INFO ] Selecting reference view using strategy: saddle_balanced[0m
[97m[INFO ] Selecting reference view using strategy: saddle_balanced[0m
[97m[INFO ] Selecting reference view using strategy: saddle_balanced[0m
[fovbench]   frame 290/300 (434s)
[97m[INFO ] Selecting reference view using strategy: saddle_balanced[0m
[97m[INFO ] Selecting reference view using strategy: saddle_balanced[0m
[97m[INFO ] Selecting reference view using strategy: saddle_balanced[0m
[97m[INFO ] Selecting reference view using strategy: saddle_balanced[0m
[97m[INFO ] Selecting reference view using strategy: saddle_balanced[0m
[97m[INFO ] Selecting reference view using strategy: saddle_balanced[0m
[97m[INFO ] Selecting reference view using strategy: saddle_balanced[0m
[97m[INFO ] Selecting reference view using strategy: saddle_balanced[0m
[97m[INFO ] Selecting reference view using strategy: saddle_balanced[0m
[97m[INFO ] Selecting reference view using strategy: saddle_balanced[0m
[97m[INFO ] Selecting reference view using strategy: saddle_balanced[0m
[97m[INFO ] Selecting reference view using strategy: saddle_balanced[0m
[97m[INFO ] Selecting reference view using strategy: saddle_balanced[0m
[97m[INFO ] Selecting reference view using strategy: saddle_balanced[0m
[97m[INFO ] Selecting reference view using strategy: saddle_balanced[0m
[97m[INFO ] Selecting reference view using strategy: saddle_balanced[0m
[97m[INFO ] Selecting reference view using strategy: saddle_balanced[0m
[97m[INFO ] Selecting reference view using strategy: saddle_balanced[0m
[97m[INFO ] Selecting reference view using strategy: saddle_balanced[0m
[97m[INFO ] Selecting reference view using strategy: saddle_balanced[0m
[fovbench]   frame 295/300 (441s)
[97m[INFO ] Selecting reference view using strategy: saddle_balanced[0m
[97m[INFO ] Selecting reference view using strategy: saddle_balanced[0m
[97m[INFO ] Selecting reference view using strategy: saddle_balanced[0m
[97m[INFO ] Selecting reference view using strategy: saddle_balanced[0m
[97m[INFO ] Selecting reference view using strategy: saddle_balanced[0m
[97m[INFO ] Selecting reference view using strategy: saddle_balanced[0m
[97m[INFO ] Selecting reference view using strategy: saddle_balanced[0m
[97m[INFO ] Selecting reference view using strategy: saddle_balanced[0m
[97m[INFO ] Selecting reference view using strategy: saddle_balanced[0m
[97m[INFO ] Selecting reference view using strategy: saddle_balanced[0m
[97m[INFO ] Selecting reference view using strategy: saddle_balanced[0m
[97m[INFO ] Selecting reference view using strategy: saddle_balanced[0m
[97m[INFO ] Selecting reference view using strategy: saddle_balanced[0m
[97m[INFO ] Selecting reference view using strategy: saddle_balanced[0m
[97m[INFO ] Selecting reference view using strategy: saddle_balanced[0m
[97m[INFO ] Selecting reference view using strategy: saddle_balanced[0m
[97m[INFO ] Selecting reference view using strategy: saddle_balanced[0m
[97m[INFO ] Selecting reference view using strategy: saddle_balanced[0m
[97m[INFO ] Selecting reference view using strategy: saddle_balanced[0m
[97m[INFO ] Selecting reference view using strategy: saddle_balanced[0m
[fovbench]   frame 300/300 (448s)
[fovbench]   done in 449s

[fovbench] ══ da3_small ══
[97m[INFO ] using MLP layer as FFN[0m
[fovbench]   Depth-Anything-3 Small | 34M params | align=scale_shift | views rendered at 518px
[97m[INFO ] Selecting reference view using strategy: saddle_balanced[0m
[97m[INFO ] Selecting reference view using strategy: saddle_balanced[0m
[97m[INFO ] Selecting reference view using strategy: saddle_balanced[0m
[97m[INFO ] Selecting reference view using strategy: saddle_balanced[0m
[97m[INFO ] Selecting reference view using strategy: saddle_balanced[0m
[97m[INFO ] Selecting reference view using strategy: saddle_balanced[0m
[97m[INFO ] Selecting reference view using strategy: saddle_balanced[0m
[97m[INFO ] Selecting reference view using strategy: saddle_balanced[0m
[97m[INFO ] Selecting reference view using strategy: saddle_balanced[0m
[97m[INFO ] Selecting reference view using strategy: saddle_balanced[0m
[97m[INFO ] Selecting reference view using strategy: saddle_balanced[0m
[97m[INFO ] Selecting reference view using strategy: saddle_balanced[0m
[97m[INFO ] Selecting reference view using strategy: saddle_balanced[0m
[97m[INFO ] Selecting reference view using strategy: saddle_balanced[0m
[97m[INFO ] Selecting reference view using strategy: saddle_balanced[0m
[97m[INFO ] Selecting reference view using strategy: saddle_balanced[0m
[97m[INFO ] Selecting reference view using strategy: saddle_balanced[0m
[97m[INFO ] Selecting reference view using strategy: saddle_balanced[0m
[97m[INFO ] Selecting reference view using strategy: saddle_balanced[0m
[97m[INFO ] Selecting reference view using strategy: saddle_balanced[0m
[fovbench]   frame 5/300 (7s)
[97m[INFO ] Selecting reference view using strategy: saddle_balanced[0m
[97m[INFO ] Selecting reference view using strategy: saddle_balanced[0m
[97m[INFO ] Selecting reference view using strategy: saddle_balanced[0m
[97m[INFO ] Selecting reference view using strategy: saddle_balanced[0m
[97m[INFO ] Selecting reference view using strategy: saddle_balanced[0m
[97m[INFO ] Selecting reference view using strategy: saddle_balanced[0m
[97m[INFO ] Selecting reference view using strategy: saddle_balanced[0m
[97m[INFO ] Selecting reference view using strategy: saddle_balanced[0m
[97m[INFO ] Selecting reference view using strategy: saddle_balanced[0m
[97m[INFO ] Selecting reference view using strategy: saddle_balanced[0m
[97m[INFO ] Selecting reference view using strategy: saddle_balanced[0m
[97m[INFO ] Selecting reference view using strategy: saddle_balanced[0m
[97m[INFO ] Selecting reference view using strategy: saddle_balanced[0m
[97m[INFO ] Selecting reference view using strategy: saddle_balanced[0m
[97m[INFO ] Selecting reference view using strategy: saddle_balanced[0m
[97m[INFO ] Selecting reference view using strategy: saddle_balanced[0m
[97m[INFO ] Selecting reference view using strategy: saddle_balanced[0m
[97m[INFO ] Selecting reference view using strategy: saddle_balanced[0m
[97m[INFO ] Selecting reference view using strategy: saddle_balanced[0m
[97m[INFO ] Selecting reference view using strategy: saddle_balanced[0m
[fovbench]   frame 10/300 (13s)
[97m[INFO ] Selecting reference view using strategy: saddle_balanced[0m
[97m[INFO ] Selecting reference view using strategy: saddle_balanced[0m
[97m[INFO ] Selecting reference view using strategy: saddle_balanced[0m
[97m[INFO ] Selecting reference view using strategy: saddle_balanced[0m
[97m[INFO ] Selecting reference view using strategy: saddle_balanced[0m
[97m[INFO ] Selecting reference view using strategy: saddle_balanced[0m
[97m[INFO ] Selecting reference view using strategy: saddle_balanced[0m
[97m[INFO ] Selecting reference view using strategy: saddle_balanced[0m
[97m[INFO ] Selecting reference view using strategy: saddle_balanced[0m
[97m[INFO ] Selecting reference view using strategy: saddle_balanced[0m
[97m[INFO ] Selecting reference view using strategy: saddle_balanced[0m
[97m[INFO ] Selecting reference view using strategy: saddle_balanced[0m
[97m[INFO ] Selecting reference view using strategy: saddle_balanced[0m
[97m[INFO ] Selecting reference view using strategy: saddle_balanced[0m
[97m[INFO ] Selecting reference view using strategy: saddle_balanced[0m
[97m[INFO ] Selecting reference view using strategy: saddle_balanced[0m
[97m[INFO ] Selecting reference view using strategy: saddle_balanced[0m
[97m[INFO ] Selecting reference view using strategy: saddle_balanced[0m
[97m[INFO ] Selecting reference view using strategy: saddle_balanced[0m
[97m[INFO ] Selecting reference view using strategy: saddle_balanced[0m
[fovbench]   frame 15/300 (19s)
[97m[INFO ] Selecting reference view using strategy: saddle_balanced[0m
[97m[INFO ] Selecting reference view using strategy: saddle_balanced[0m
[97m[INFO ] Selecting reference view using strategy: saddle_balanced[0m
[97m[INFO ] Selecting reference view using strategy: saddle_balanced[0m
[97m[INFO ] Selecting reference view using strategy: saddle_balanced[0m
[97m[INFO ] Selecting reference view using strategy: saddle_balanced[0m
[97m[INFO ] Selecting reference view using strategy: saddle_balanced[0m
[97m[INFO ] Selecting reference view using strategy: saddle_balanced[0m
[97m[INFO ] Selecting reference view using strategy: saddle_balanced[0m
[97m[INFO ] Selecting reference view using strategy: saddle_balanced[0m
[97m[INFO ] Selecting reference view using strategy: saddle_balanced[0m
[97m[INFO ] Selecting reference view using strategy: saddle_balanced[0m
[97m[INFO ] Selecting reference view using strategy: saddle_balanced[0m
[97m[INFO ] Selecting reference view using strategy: saddle_balanced[0m
[97m[INFO ] Selecting reference view using strategy: saddle_balanced[0m
[97m[INFO ] Selecting reference view using strategy: saddle_balanced[0m
[97m[INFO ] Selecting reference view using strategy: saddle_balanced[0m
[97m[INFO ] Selecting reference view using strategy: saddle_balanced[0m
[97m[INFO ] Selecting reference view using strategy: saddle_balanced[0m
[97m[INFO ] Selecting reference view using strategy: saddle_balanced[0m
[fovbench]   frame 20/300 (25s)
[97m[INFO ] Selecting reference view using strategy: saddle_balanced[0m
[97m[INFO ] Selecting reference view using strategy: saddle_balanced[0m
[97m[INFO ] Selecting reference view using strategy: saddle_balanced[0m
[97m[INFO ] Selecting reference view using strategy: saddle_balanced[0m
[97m[INFO ] Selecting reference view using strategy: saddle_balanced[0m
[97m[INFO ] Selecting reference view using strategy: saddle_balanced[0m
[97m[INFO ] Selecting reference view using strategy: saddle_balanced[0m
[97m[INFO ] Selecting reference view using strategy: saddle_balanced[0m
[97m[INFO ] Selecting reference view using strategy: saddle_balanced[0m
[97m[INFO ] Selecting reference view using strategy: saddle_balanced[0m
[97m[INFO ] Selecting reference view using strategy: saddle_balanced[0m
[97m[INFO ] Selecting reference view using strategy: saddle_balanced[0m
[97m[INFO ] Selecting reference view using strategy: saddle_balanced[0m
[97m[INFO ] Selecting reference view using strategy: saddle_balanced[0m
[97m[INFO ] Selecting reference view using strategy: saddle_balanced[0m
[97m[INFO ] Selecting reference view using strategy: saddle_balanced[0m
[97m[INFO ] Selecting reference view using strategy: saddle_balanced[0m
[97m[INFO ] Selecting reference view using strategy: saddle_balanced[0m
[97m[INFO ] Selecting reference view using strategy: saddle_balanced[0m
[97m[INFO ] Selecting reference view using strategy: saddle_balanced[0m
[fovbench]   frame 25/300 (31s)
[97m[INFO ] Selecting reference view using strategy: saddle_balanced[0m
[97m[INFO ] Selecting reference view using strategy: saddle_balanced[0m
[97m[INFO ] Selecting reference view using strategy: saddle_balanced[0m
[97m[INFO ] Selecting reference view using strategy: saddle_balanced[0m
[97m[INFO ] Selecting reference view using strategy: saddle_balanced[0m
[97m[INFO ] Selecting reference view using strategy: saddle_balanced[0m
[97m[INFO ] Selecting reference view using strategy: saddle_balanced[0m
[97m[INFO ] Selecting reference view using strategy: saddle_balanced[0m
[97m[INFO ] Selecting reference view using strategy: saddle_balanced[0m
[97m[INFO ] Selecting reference view using strategy: saddle_balanced[0m
[97m[INFO ] Selecting reference view using strategy: saddle_balanced[0m
[97m[INFO ] Selecting reference view using strategy: saddle_balanced[0m
[97m[INFO ] Selecting reference view using strategy: saddle_balanced[0m
[97m[INFO ] Selecting reference view using strategy: saddle_balanced[0m
[97m[INFO ] Selecting reference view using strategy: saddle_balanced[0m
[97m[INFO ] Selecting reference view using strategy: saddle_balanced[0m
[97m[INFO ] Selecting reference view using strategy: saddle_balanced[0m
[97m[INFO ] Selecting reference view using strategy: saddle_balanced[0m
[97m[INFO ] Selecting reference view using strategy: saddle_balanced[0m
[97m[INFO ] Selecting reference view using strategy: saddle_balanced[0m
[fovbench]   frame 30/300 (37s)
[97m[INFO ] Selecting reference view using strategy: saddle_balanced[0m
[97m[INFO ] Selecting reference view using strategy: saddle_balanced[0m
[97m[INFO ] Selecting reference view using strategy: saddle_balanced[0m
[97m[INFO ] Selecting reference view using strategy: saddle_balanced[0m
[97m[INFO ] Selecting reference view using strategy: saddle_balanced[0m
[97m[INFO ] Selecting reference view using strategy: saddle_balanced[0m
[97m[INFO ] Selecting reference view using strategy: saddle_balanced[0m
[97m[INFO ] Selecting reference view using strategy: saddle_balanced[0m
[97m[INFO ] Selecting reference view using strategy: saddle_balanced[0m
[97m[INFO ] Selecting reference view using strategy: saddle_balanced[0m
[97m[INFO ] Selecting reference view using strategy: saddle_balanced[0m
[97m[INFO ] Selecting reference view using strategy: saddle_balanced[0m
[97m[INFO ] Selecting reference view using strategy: saddle_balanced[0m
[97m[INFO ] Selecting reference view using strategy: saddle_balanced[0m
[97m[INFO ] Selecting reference view using strategy: saddle_balanced[0m
[97m[INFO ] Selecting reference view using strategy: saddle_balanced[0m
[97m[INFO ] Selecting reference view using strategy: saddle_balanced[0m
[97m[INFO ] Selecting reference view using strategy: saddle_balanced[0m
[97m[INFO ] Selecting reference view using strategy: saddle_balanced[0m
[97m[INFO ] Selecting reference view using strategy: saddle_balanced[0m
[fovbench]   frame 35/300 (43s)
[97m[INFO ] Selecting reference view using strategy: saddle_balanced[0m
[97m[INFO ] Selecting reference view using strategy: saddle_balanced[0m
[97m[INFO ] Selecting reference view using strategy: saddle_balanced[0m
[97m[INFO ] Selecting reference view using strategy: saddle_balanced[0m
[97m[INFO ] Selecting reference view using strategy: saddle_balanced[0m
[97m[INFO ] Selecting reference view using strategy: saddle_balanced[0m
[97m[INFO ] Selecting reference view using strategy: saddle_balanced[0m
[97m[INFO ] Selecting reference view using strategy: saddle_balanced[0m
[97m[INFO ] Selecting reference view using strategy: saddle_balanced[0m
[97m[INFO ] Selecting reference view using strategy: saddle_balanced[0m
[97m[INFO ] Selecting reference view using strategy: saddle_balanced[0m
[97m[INFO ] Selecting reference view using strategy: saddle_balanced[0m
[97m[INFO ] Selecting reference view using strategy: saddle_balanced[0m
[97m[INFO ] Selecting reference view using strategy: saddle_balanced[0m
[97m[INFO ] Selecting reference view using strategy: saddle_balanced[0m
[97m[INFO ] Selecting reference view using strategy: saddle_balanced[0m
[97m[INFO ] Selecting reference view using strategy: saddle_balanced[0m
[97m[INFO ] Selecting reference view using strategy: saddle_balanced[0m
[97m[INFO ] Selecting reference view using strategy: saddle_balanced[0m
[97m[INFO ] Selecting reference view using strategy: saddle_balanced[0m
[fovbench]   frame 40/300 (49s)
[97m[INFO ] Selecting reference view using strategy: saddle_balanced[0m
[97m[INFO ] Selecting reference view using strategy: saddle_balanced[0m
[97m[INFO ] Selecting reference view using strategy: saddle_balanced[0m
[97m[INFO ] Selecting reference view using strategy: saddle_balanced[0m
[97m[INFO ] Selecting reference view using strategy: saddle_balanced[0m
[97m[INFO ] Selecting reference view using strategy: saddle_balanced[0m
[97m[INFO ] Selecting reference view using strategy: saddle_balanced[0m
[97m[INFO ] Selecting reference view using strategy: saddle_balanced[0m
[97m[INFO ] Selecting reference view using strategy: saddle_balanced[0m
[97m[INFO ] Selecting reference view using strategy: saddle_balanced[0m
[97m[INFO ] Selecting reference view using strategy: saddle_balanced[0m
[97m[INFO ] Selecting reference view using strategy: saddle_balanced[0m
[97m[INFO ] Selecting reference view using strategy: saddle_balanced[0m
[97m[INFO ] Selecting reference view using strategy: saddle_balanced[0m
[97m[INFO ] Selecting reference view using strategy: saddle_balanced[0m
[97m[INFO ] Selecting reference view using strategy: saddle_balanced[0m
[97m[INFO ] Selecting reference view using strategy: saddle_balanced[0m
[97m[INFO ] Selecting reference view using strategy: saddle_balanced[0m
[97m[INFO ] Selecting reference view using strategy: saddle_balanced[0m
[97m[INFO ] Selecting reference view using strategy: saddle_balanced[0m
[fovbench]   frame 45/300 (55s)
[97m[INFO ] Selecting reference view using strategy: saddle_balanced[0m
[97m[INFO ] Selecting reference view using strategy: saddle_balanced[0m
[97m[INFO ] Selecting reference view using strategy: saddle_balanced[0m
[97m[INFO ] Selecting reference view using strategy: saddle_balanced[0m
[97m[INFO ] Selecting reference view using strategy: saddle_balanced[0m
[97m[INFO ] Selecting reference view using strategy: saddle_balanced[0m
[97m[INFO ] Selecting reference view using strategy: saddle_balanced[0m
[97m[INFO ] Selecting reference view using strategy: saddle_balanced[0m
[97m[INFO ] Selecting reference view using strategy: saddle_balanced[0m
[97m[INFO ] Selecting reference view using strategy: saddle_balanced[0m
[97m[INFO ] Selecting reference view using strategy: saddle_balanced[0m
[97m[INFO ] Selecting reference view using strategy: saddle_balanced[0m
[97m[INFO ] Selecting reference view using strategy: saddle_balanced[0m
[97m[INFO ] Selecting reference view using strategy: saddle_balanced[0m
[97m[INFO ] Selecting reference view using strategy: saddle_balanced[0m
[97m[INFO ] Selecting reference view using strategy: saddle_balanced[0m
[97m[INFO ] Selecting reference view using strategy: saddle_balanced[0m
[97m[INFO ] Selecting reference view using strategy: saddle_balanced[0m
[97m[INFO ] Selecting reference view using strategy: saddle_balanced[0m
[97m[INFO ] Selecting reference view using strategy: saddle_balanced[0m
[fovbench]   frame 50/300 (61s)
[97m[INFO ] Selecting reference view using strategy: saddle_balanced[0m
[97m[INFO ] Selecting reference view using strategy: saddle_balanced[0m
[97m[INFO ] Selecting reference view using strategy: saddle_balanced[0m
[97m[INFO ] Selecting reference view using strategy: saddle_balanced[0m
[97m[INFO ] Selecting reference view using strategy: saddle_balanced[0m
[97m[INFO ] Selecting reference view using strategy: saddle_balanced[0m
[97m[INFO ] Selecting reference view using strategy: saddle_balanced[0m
[97m[INFO ] Selecting reference view using strategy: saddle_balanced[0m
[97m[INFO ] Selecting reference view using strategy: saddle_balanced[0m
[97m[INFO ] Selecting reference view using strategy: saddle_balanced[0m
[97m[INFO ] Selecting reference view using strategy: saddle_balanced[0m
[97m[INFO ] Selecting reference view using strategy: saddle_balanced[0m
[97m[INFO ] Selecting reference view using strategy: saddle_balanced[0m
[97m[INFO ] Selecting reference view using strategy: saddle_balanced[0m
[97m[INFO ] Selecting reference view using strategy: saddle_balanced[0m
[97m[INFO ] Selecting reference view using strategy: saddle_balanced[0m
[97m[INFO ] Selecting reference view using strategy: saddle_balanced[0m
[97m[INFO ] Selecting reference view using strategy: saddle_balanced[0m
[97m[INFO ] Selecting reference view using strategy: saddle_balanced[0m
[97m[INFO ] Selecting reference view using strategy: saddle_balanced[0m
[fovbench]   frame 55/300 (67s)
[97m[INFO ] Selecting reference view using strategy: saddle_balanced[0m
[97m[INFO ] Selecting reference view using strategy: saddle_balanced[0m
[97m[INFO ] Selecting reference view using strategy: saddle_balanced[0m
[97m[INFO ] Selecting reference view using strategy: saddle_balanced[0m
[97m[INFO ] Selecting reference view using strategy: saddle_balanced[0m
[97m[INFO ] Selecting reference view using strategy: saddle_balanced[0m
[97m[INFO ] Selecting reference view using strategy: saddle_balanced[0m
[97m[INFO ] Selecting reference view using strategy: saddle_balanced[0m
[97m[INFO ] Selecting reference view using strategy: saddle_balanced[0m
[97m[INFO ] Selecting reference view using strategy: saddle_balanced[0m
[97m[INFO ] Selecting reference view using strategy: saddle_balanced[0m
[97m[INFO ] Selecting reference view using strategy: saddle_balanced[0m
[97m[INFO ] Selecting reference view using strategy: saddle_balanced[0m
[97m[INFO ] Selecting reference view using strategy: saddle_balanced[0m
[97m[INFO ] Selecting reference view using strategy: saddle_balanced[0m
[97m[INFO ] Selecting reference view using strategy: saddle_balanced[0m
[97m[INFO ] Selecting reference view using strategy: saddle_balanced[0m
[97m[INFO ] Selecting reference view using strategy: saddle_balanced[0m
[97m[INFO ] Selecting reference view using strategy: saddle_balanced[0m
[97m[INFO ] Selecting reference view using strategy: saddle_balanced[0m
[fovbench]   frame 60/300 (73s)
[97m[INFO ] Selecting reference view using strategy: saddle_balanced[0m
[97m[INFO ] Selecting reference view using strategy: saddle_balanced[0m
[97m[INFO ] Selecting reference view using strategy: saddle_balanced[0m
[97m[INFO ] Selecting reference view using strategy: saddle_balanced[0m
[97m[INFO ] Selecting reference view using strategy: saddle_balanced[0m
[97m[INFO ] Selecting reference view using strategy: saddle_balanced[0m
[97m[INFO ] Selecting reference view using strategy: saddle_balanced[0m
[97m[INFO ] Selecting reference view using strategy: saddle_balanced[0m
[97m[INFO ] Selecting reference view using strategy: saddle_balanced[0m
[97m[INFO ] Selecting reference view using strategy: saddle_balanced[0m
[97m[INFO ] Selecting reference view using strategy: saddle_balanced[0m
[97m[INFO ] Selecting reference view using strategy: saddle_balanced[0m
[97m[INFO ] Selecting reference view using strategy: saddle_balanced[0m
[97m[INFO ] Selecting reference view using strategy: saddle_balanced[0m
[97m[INFO ] Selecting reference view using strategy: saddle_balanced[0m
[97m[INFO ] Selecting reference view using strategy: saddle_balanced[0m
[97m[INFO ] Selecting reference view using strategy: saddle_balanced[0m
[97m[INFO ] Selecting reference view using strategy: saddle_balanced[0m
[97m[INFO ] Selecting reference view using strategy: saddle_balanced[0m
[97m[INFO ] Selecting reference view using strategy: saddle_balanced[0m
[fovbench]   frame 65/300 (79s)
[97m[INFO ] Selecting reference view using strategy: saddle_balanced[0m
[97m[INFO ] Selecting reference view using strategy: saddle_balanced[0m
[97m[INFO ] Selecting reference view using strategy: saddle_balanced[0m
[97m[INFO ] Selecting reference view using strategy: saddle_balanced[0m
[97m[INFO ] Selecting reference view using strategy: saddle_balanced[0m
[97m[INFO ] Selecting reference view using strategy: saddle_balanced[0m
[97m[INFO ] Selecting reference view using strategy: saddle_balanced[0m
[97m[INFO ] Selecting reference view using strategy: saddle_balanced[0m
[97m[INFO ] Selecting reference view using strategy: saddle_balanced[0m
[97m[INFO ] Selecting reference view using strategy: saddle_balanced[0m
[97m[INFO ] Selecting reference view using strategy: saddle_balanced[0m
[97m[INFO ] Selecting reference view using strategy: saddle_balanced[0m
[97m[INFO ] Selecting reference view using strategy: saddle_balanced[0m
[97m[INFO ] Selecting reference view using strategy: saddle_balanced[0m
[97m[INFO ] Selecting reference view using strategy: saddle_balanced[0m
[97m[INFO ] Selecting reference view using strategy: saddle_balanced[0m
[97m[INFO ] Selecting reference view using strategy: saddle_balanced[0m
[97m[INFO ] Selecting reference view using strategy: saddle_balanced[0m
[97m[INFO ] Selecting reference view using strategy: saddle_balanced[0m
[97m[INFO ] Selecting reference view using strategy: saddle_balanced[0m
[fovbench]   frame 70/300 (86s)
[97m[INFO ] Selecting reference view using strategy: saddle_balanced[0m
[97m[INFO ] Selecting reference view using strategy: saddle_balanced[0m
[97m[INFO ] Selecting reference view using strategy: saddle_balanced[0m
[97m[INFO ] Selecting reference view using strategy: saddle_balanced[0m
[97m[INFO ] Selecting reference view using strategy: saddle_balanced[0m
[97m[INFO ] Selecting reference view using strategy: saddle_balanced[0m
[97m[INFO ] Selecting reference view using strategy: saddle_balanced[0m
[97m[INFO ] Selecting reference view using strategy: saddle_balanced[0m
[97m[INFO ] Selecting reference view using strategy: saddle_balanced[0m
[97m[INFO ] Selecting reference view using strategy: saddle_balanced[0m
[97m[INFO ] Selecting reference view using strategy: saddle_balanced[0m
[97m[INFO ] Selecting reference view using strategy: saddle_balanced[0m
[97m[INFO ] Selecting reference view using strategy: saddle_balanced[0m
[97m[INFO ] Selecting reference view using strategy: saddle_balanced[0m
[97m[INFO ] Selecting reference view using strategy: saddle_balanced[0m
[97m[INFO ] Selecting reference view using strategy: saddle_balanced[0m
[97m[INFO ] Selecting reference view using strategy: saddle_balanced[0m
[97m[INFO ] Selecting reference view using strategy: saddle_balanced[0m
[97m[INFO ] Selecting reference view using strategy: saddle_balanced[0m
[97m[INFO ] Selecting reference view using strategy: saddle_balanced[0m
[fovbench]   frame 75/300 (92s)
[97m[INFO ] Selecting reference view using strategy: saddle_balanced[0m
[97m[INFO ] Selecting reference view using strategy: saddle_balanced[0m
[97m[INFO ] Selecting reference view using strategy: saddle_balanced[0m
[97m[INFO ] Selecting reference view using strategy: saddle_balanced[0m
[97m[INFO ] Selecting reference view using strategy: saddle_balanced[0m
[97m[INFO ] Selecting reference view using strategy: saddle_balanced[0m
[97m[INFO ] Selecting reference view using strategy: saddle_balanced[0m
[97m[INFO ] Selecting reference view using strategy: saddle_balanced[0m
[97m[INFO ] Selecting reference view using strategy: saddle_balanced[0m
[97m[INFO ] Selecting reference view using strategy: saddle_balanced[0m
[97m[INFO ] Selecting reference view using strategy: saddle_balanced[0m
[97m[INFO ] Selecting reference view using strategy: saddle_balanced[0m
[97m[INFO ] Selecting reference view using strategy: saddle_balanced[0m
[97m[INFO ] Selecting reference view using strategy: saddle_balanced[0m
[97m[INFO ] Selecting reference view using strategy: saddle_balanced[0m
[97m[INFO ] Selecting reference view using strategy: saddle_balanced[0m
[97m[INFO ] Selecting reference view using strategy: saddle_balanced[0m
[97m[INFO ] Selecting reference view using strategy: saddle_balanced[0m
[97m[INFO ] Selecting reference view using strategy: saddle_balanced[0m
[97m[INFO ] Selecting reference view using strategy: saddle_balanced[0m
[fovbench]   frame 80/300 (98s)
[97m[INFO ] Selecting reference view using strategy: saddle_balanced[0m
[97m[INFO ] Selecting reference view using strategy: saddle_balanced[0m
[97m[INFO ] Selecting reference view using strategy: saddle_balanced[0m
[97m[INFO ] Selecting reference view using strategy: saddle_balanced[0m
[97m[INFO ] Selecting reference view using strategy: saddle_balanced[0m
[97m[INFO ] Selecting reference view using strategy: saddle_balanced[0m
[97m[INFO ] Selecting reference view using strategy: saddle_balanced[0m
[97m[INFO ] Selecting reference view using strategy: saddle_balanced[0m
[97m[INFO ] Selecting reference view using strategy: saddle_balanced[0m
[97m[INFO ] Selecting reference view using strategy: saddle_balanced[0m
[97m[INFO ] Selecting reference view using strategy: saddle_balanced[0m
[97m[INFO ] Selecting reference view using strategy: saddle_balanced[0m
[97m[INFO ] Selecting reference view using strategy: saddle_balanced[0m
[97m[INFO ] Selecting reference view using strategy: saddle_balanced[0m
[97m[INFO ] Selecting reference view using strategy: saddle_balanced[0m
[97m[INFO ] Selecting reference view using strategy: saddle_balanced[0m
[97m[INFO ] Selecting reference view using strategy: saddle_balanced[0m
[97m[INFO ] Selecting reference view using strategy: saddle_balanced[0m
[97m[INFO ] Selecting reference view using strategy: saddle_balanced[0m
[97m[INFO ] Selecting reference view using strategy: saddle_balanced[0m
[fovbench]   frame 85/300 (104s)
[97m[INFO ] Selecting reference view using strategy: saddle_balanced[0m
[97m[INFO ] Selecting reference view using strategy: saddle_balanced[0m
[97m[INFO ] Selecting reference view using strategy: saddle_balanced[0m
[97m[INFO ] Selecting reference view using strategy: saddle_balanced[0m
[97m[INFO ] Selecting reference view using strategy: saddle_balanced[0m
[97m[INFO ] Selecting reference view using strategy: saddle_balanced[0m
[97m[INFO ] Selecting reference view using strategy: saddle_balanced[0m
[97m[INFO ] Selecting reference view using strategy: saddle_balanced[0m
[97m[INFO ] Selecting reference view using strategy: saddle_balanced[0m
[97m[INFO ] Selecting reference view using strategy: saddle_balanced[0m
[97m[INFO ] Selecting reference view using strategy: saddle_balanced[0m
[97m[INFO ] Selecting reference view using strategy: saddle_balanced[0m
[97m[INFO ] Selecting reference view using strategy: saddle_balanced[0m
[97m[INFO ] Selecting reference view using strategy: saddle_balanced[0m
[97m[INFO ] Selecting reference view using strategy: saddle_balanced[0m
[97m[INFO ] Selecting reference view using strategy: saddle_balanced[0m
[97m[INFO ] Selecting reference view using strategy: saddle_balanced[0m
[97m[INFO ] Selecting reference view using strategy: saddle_balanced[0m
[97m[INFO ] Selecting reference view using strategy: saddle_balanced[0m
[97m[INFO ] Selecting reference view using strategy: saddle_balanced[0m
[fovbench]   frame 90/300 (111s)
[97m[INFO ] Selecting reference view using strategy: saddle_balanced[0m
[97m[INFO ] Selecting reference view using strategy: saddle_balanced[0m
[97m[INFO ] Selecting reference view using strategy: saddle_balanced[0m
[97m[INFO ] Selecting reference view using strategy: saddle_balanced[0m
[97m[INFO ] Selecting reference view using strategy: saddle_balanced[0m
[97m[INFO ] Selecting reference view using strategy: saddle_balanced[0m
[97m[INFO ] Selecting reference view using strategy: saddle_balanced[0m
[97m[INFO ] Selecting reference view using strategy: saddle_balanced[0m
[97m[INFO ] Selecting reference view using strategy: saddle_balanced[0m
[97m[INFO ] Selecting reference view using strategy: saddle_balanced[0m
[97m[INFO ] Selecting reference view using strategy: saddle_balanced[0m
[97m[INFO ] Selecting reference view using strategy: saddle_balanced[0m
[97m[INFO ] Selecting reference view using strategy: saddle_balanced[0m
[97m[INFO ] Selecting reference view using strategy: saddle_balanced[0m
[97m[INFO ] Selecting reference view using strategy: saddle_balanced[0m
[97m[INFO ] Selecting reference view using strategy: saddle_balanced[0m
[97m[INFO ] Selecting reference view using strategy: saddle_balanced[0m
[97m[INFO ] Selecting reference view using strategy: saddle_balanced[0m
[97m[INFO ] Selecting reference view using strategy: saddle_balanced[0m
[97m[INFO ] Selecting reference view using strategy: saddle_balanced[0m
[fovbench]   frame 95/300 (117s)
[97m[INFO ] Selecting reference view using strategy: saddle_balanced[0m
[97m[INFO ] Selecting reference view using strategy: saddle_balanced[0m
[97m[INFO ] Selecting reference view using strategy: saddle_balanced[0m
[97m[INFO ] Selecting reference view using strategy: saddle_balanced[0m
[97m[INFO ] Selecting reference view using strategy: saddle_balanced[0m
[97m[INFO ] Selecting reference view using strategy: saddle_balanced[0m
[97m[INFO ] Selecting reference view using strategy: saddle_balanced[0m
[97m[INFO ] Selecting reference view using strategy: saddle_balanced[0m
[97m[INFO ] Selecting reference view using strategy: saddle_balanced[0m
[97m[INFO ] Selecting reference view using strategy: saddle_balanced[0m
[97m[INFO ] Selecting reference view using strategy: saddle_balanced[0m
[97m[INFO ] Selecting reference view using strategy: saddle_balanced[0m
[97m[INFO ] Selecting reference view using strategy: saddle_balanced[0m
[97m[INFO ] Selecting reference view using strategy: saddle_balanced[0m
[97m[INFO ] Selecting reference view using strategy: saddle_balanced[0m
[97m[INFO ] Selecting reference view using strategy: saddle_balanced[0m
[97m[INFO ] Selecting reference view using strategy: saddle_balanced[0m
[97m[INFO ] Selecting reference view using strategy: saddle_balanced[0m
[97m[INFO ] Selecting reference view using strategy: saddle_balanced[0m
[97m[INFO ] Selecting reference view using strategy: saddle_balanced[0m
[fovbench]   frame 100/300 (123s)
[97m[INFO ] Selecting reference view using strategy: saddle_balanced[0m
[97m[INFO ] Selecting reference view using strategy: saddle_balanced[0m
[97m[INFO ] Selecting reference view using strategy: saddle_balanced[0m
[97m[INFO ] Selecting reference view using strategy: saddle_balanced[0m
[97m[INFO ] Selecting reference view using strategy: saddle_balanced[0m
[97m[INFO ] Selecting reference view using strategy: saddle_balanced[0m
[97m[INFO ] Selecting reference view using strategy: saddle_balanced[0m
[97m[INFO ] Selecting reference view using strategy: saddle_balanced[0m
[97m[INFO ] Selecting reference view using strategy: saddle_balanced[0m
[97m[INFO ] Selecting reference view using strategy: saddle_balanced[0m
[97m[INFO ] Selecting reference view using strategy: saddle_balanced[0m
[97m[INFO ] Selecting reference view using strategy: saddle_balanced[0m
[97m[INFO ] Selecting reference view using strategy: saddle_balanced[0m
[97m[INFO ] Selecting reference view using strategy: saddle_balanced[0m
[97m[INFO ] Selecting reference view using strategy: saddle_balanced[0m
[97m[INFO ] Selecting reference view using strategy: saddle_balanced[0m
[97m[INFO ] Selecting reference view using strategy: saddle_balanced[0m
[97m[INFO ] Selecting reference view using strategy: saddle_balanced[0m
[97m[INFO ] Selecting reference view using strategy: saddle_balanced[0m
[97m[INFO ] Selecting reference view using strategy: saddle_balanced[0m
[fovbench]   frame 105/300 (130s)
[97m[INFO ] Selecting reference view using strategy: saddle_balanced[0m
[97m[INFO ] Selecting reference view using strategy: saddle_balanced[0m
[97m[INFO ] Selecting reference view using strategy: saddle_balanced[0m
[97m[INFO ] Selecting reference view using strategy: saddle_balanced[0m
[97m[INFO ] Selecting reference view using strategy: saddle_balanced[0m
[97m[INFO ] Selecting reference view using strategy: saddle_balanced[0m
[97m[INFO ] Selecting reference view using strategy: saddle_balanced[0m
[97m[INFO ] Selecting reference view using strategy: saddle_balanced[0m
[97m[INFO ] Selecting reference view using strategy: saddle_balanced[0m
[97m[INFO ] Selecting reference view using strategy: saddle_balanced[0m
[97m[INFO ] Selecting reference view using strategy: saddle_balanced[0m
[97m[INFO ] Selecting reference view using strategy: saddle_balanced[0m
[97m[INFO ] Selecting reference view using strategy: saddle_balanced[0m
[97m[INFO ] Selecting reference view using strategy: saddle_balanced[0m
[97m[INFO ] Selecting reference view using strategy: saddle_balanced[0m
[97m[INFO ] Selecting reference view using strategy: saddle_balanced[0m
[97m[INFO ] Selecting reference view using strategy: saddle_balanced[0m
[97m[INFO ] Selecting reference view using strategy: saddle_balanced[0m
[97m[INFO ] Selecting reference view using strategy: saddle_balanced[0m
[97m[INFO ] Selecting reference view using strategy: saddle_balanced[0m
[fovbench]   frame 110/300 (136s)
[97m[INFO ] Selecting reference view using strategy: saddle_balanced[0m
[97m[INFO ] Selecting reference view using strategy: saddle_balanced[0m
[97m[INFO ] Selecting reference view using strategy: saddle_balanced[0m
[97m[INFO ] Selecting reference view using strategy: saddle_balanced[0m
[97m[INFO ] Selecting reference view using strategy: saddle_balanced[0m
[97m[INFO ] Selecting reference view using strategy: saddle_balanced[0m
[97m[INFO ] Selecting reference view using strategy: saddle_balanced[0m
[97m[INFO ] Selecting reference view using strategy: saddle_balanced[0m
[97m[INFO ] Selecting reference view using strategy: saddle_balanced[0m
[97m[INFO ] Selecting reference view using strategy: saddle_balanced[0m
[97m[INFO ] Selecting reference view using strategy: saddle_balanced[0m
[97m[INFO ] Selecting reference view using strategy: saddle_balanced[0m
[97m[INFO ] Selecting reference view using strategy: saddle_balanced[0m
[97m[INFO ] Selecting reference view using strategy: saddle_balanced[0m
[97m[INFO ] Selecting reference view using strategy: saddle_balanced[0m
[97m[INFO ] Selecting reference view using strategy: saddle_balanced[0m
[97m[INFO ] Selecting reference view using strategy: saddle_balanced[0m
[97m[INFO ] Selecting reference view using strategy: saddle_balanced[0m
[97m[INFO ] Selecting reference view using strategy: saddle_balanced[0m
[97m[INFO ] Selecting reference view using strategy: saddle_balanced[0m
[fovbench]   frame 115/300 (142s)
[97m[INFO ] Selecting reference view using strategy: saddle_balanced[0m
[97m[INFO ] Selecting reference view using strategy: saddle_balanced[0m
[97m[INFO ] Selecting reference view using strategy: saddle_balanced[0m
[97m[INFO ] Selecting reference view using strategy: saddle_balanced[0m
[97m[INFO ] Selecting reference view using strategy: saddle_balanced[0m
[97m[INFO ] Selecting reference view using strategy: saddle_balanced[0m
[97m[INFO ] Selecting reference view using strategy: saddle_balanced[0m
[97m[INFO ] Selecting reference view using strategy: saddle_balanced[0m
[97m[INFO ] Selecting reference view using strategy: saddle_balanced[0m
[97m[INFO ] Selecting reference view using strategy: saddle_balanced[0m
[97m[INFO ] Selecting reference view using strategy: saddle_balanced[0m
[97m[INFO ] Selecting reference view using strategy: saddle_balanced[0m
[97m[INFO ] Selecting reference view using strategy: saddle_balanced[0m
[97m[INFO ] Selecting reference view using strategy: saddle_balanced[0m
[97m[INFO ] Selecting reference view using strategy: saddle_balanced[0m
[97m[INFO ] Selecting reference view using strategy: saddle_balanced[0m
[97m[INFO ] Selecting reference view using strategy: saddle_balanced[0m
[97m[INFO ] Selecting reference view using strategy: saddle_balanced[0m
[97m[INFO ] Selecting reference view using strategy: saddle_balanced[0m
[97m[INFO ] Selecting reference view using strategy: saddle_balanced[0m
[fovbench]   frame 120/300 (149s)
[97m[INFO ] Selecting reference view using strategy: saddle_balanced[0m
[97m[INFO ] Selecting reference view using strategy: saddle_balanced[0m
[97m[INFO ] Selecting reference view using strategy: saddle_balanced[0m
[97m[INFO ] Selecting reference view using strategy: saddle_balanced[0m
[97m[INFO ] Selecting reference view using strategy: saddle_balanced[0m
[97m[INFO ] Selecting reference view using strategy: saddle_balanced[0m
[97m[INFO ] Selecting reference view using strategy: saddle_balanced[0m
[97m[INFO ] Selecting reference view using strategy: saddle_balanced[0m
[97m[INFO ] Selecting reference view using strategy: saddle_balanced[0m
[97m[INFO ] Selecting reference view using strategy: saddle_balanced[0m
[97m[INFO ] Selecting reference view using strategy: saddle_balanced[0m
[97m[INFO ] Selecting reference view using strategy: saddle_balanced[0m
[97m[INFO ] Selecting reference view using strategy: saddle_balanced[0m
[97m[INFO ] Selecting reference view using strategy: saddle_balanced[0m
[97m[INFO ] Selecting reference view using strategy: saddle_balanced[0m
[97m[INFO ] Selecting reference view using strategy: saddle_balanced[0m
[97m[INFO ] Selecting reference view using strategy: saddle_balanced[0m
[97m[INFO ] Selecting reference view using strategy: saddle_balanced[0m
[97m[INFO ] Selecting reference view using strategy: saddle_balanced[0m
[97m[INFO ] Selecting reference view using strategy: saddle_balanced[0m
[fovbench]   frame 125/300 (155s)
[97m[INFO ] Selecting reference view using strategy: saddle_balanced[0m
[97m[INFO ] Selecting reference view using strategy: saddle_balanced[0m
[97m[INFO ] Selecting reference view using strategy: saddle_balanced[0m
[97m[INFO ] Selecting reference view using strategy: saddle_balanced[0m
[97m[INFO ] Selecting reference view using strategy: saddle_balanced[0m
[97m[INFO ] Selecting reference view using strategy: saddle_balanced[0m
[97m[INFO ] Selecting reference view using strategy: saddle_balanced[0m
[97m[INFO ] Selecting reference view using strategy: saddle_balanced[0m
[97m[INFO ] Selecting reference view using strategy: saddle_balanced[0m
[97m[INFO ] Selecting reference view using strategy: saddle_balanced[0m
[97m[INFO ] Selecting reference view using strategy: saddle_balanced[0m
[97m[INFO ] Selecting reference view using strategy: saddle_balanced[0m
[97m[INFO ] Selecting reference view using strategy: saddle_balanced[0m
[97m[INFO ] Selecting reference view using strategy: saddle_balanced[0m
[97m[INFO ] Selecting reference view using strategy: saddle_balanced[0m
[97m[INFO ] Selecting reference view using strategy: saddle_balanced[0m
[97m[INFO ] Selecting reference view using strategy: saddle_balanced[0m
[97m[INFO ] Selecting reference view using strategy: saddle_balanced[0m
[97m[INFO ] Selecting reference view using strategy: saddle_balanced[0m
[97m[INFO ] Selecting reference view using strategy: saddle_balanced[0m
[fovbench]   frame 130/300 (161s)
[97m[INFO ] Selecting reference view using strategy: saddle_balanced[0m
[97m[INFO ] Selecting reference view using strategy: saddle_balanced[0m
[97m[INFO ] Selecting reference view using strategy: saddle_balanced[0m
[97m[INFO ] Selecting reference view using strategy: saddle_balanced[0m
[97m[INFO ] Selecting reference view using strategy: saddle_balanced[0m
[97m[INFO ] Selecting reference view using strategy: saddle_balanced[0m
[97m[INFO ] Selecting reference view using strategy: saddle_balanced[0m
[97m[INFO ] Selecting reference view using strategy: saddle_balanced[0m
[97m[INFO ] Selecting reference view using strategy: saddle_balanced[0m
[97m[INFO ] Selecting reference view using strategy: saddle_balanced[0m
[97m[INFO ] Selecting reference view using strategy: saddle_balanced[0m
[97m[INFO ] Selecting reference view using strategy: saddle_balanced[0m
[97m[INFO ] Selecting reference view using strategy: saddle_balanced[0m
[97m[INFO ] Selecting reference view using strategy: saddle_balanced[0m
[97m[INFO ] Selecting reference view using strategy: saddle_balanced[0m
[97m[INFO ] Selecting reference view using strategy: saddle_balanced[0m
[97m[INFO ] Selecting reference view using strategy: saddle_balanced[0m
[97m[INFO ] Selecting reference view using strategy: saddle_balanced[0m
[97m[INFO ] Selecting reference view using strategy: saddle_balanced[0m
[97m[INFO ] Selecting reference view using strategy: saddle_balanced[0m
[fovbench]   frame 135/300 (167s)
[97m[INFO ] Selecting reference view using strategy: saddle_balanced[0m
[97m[INFO ] Selecting reference view using strategy: saddle_balanced[0m
[97m[INFO ] Selecting reference view using strategy: saddle_balanced[0m
[97m[INFO ] Selecting reference view using strategy: saddle_balanced[0m
[97m[INFO ] Selecting reference view using strategy: saddle_balanced[0m
[97m[INFO ] Selecting reference view using strategy: saddle_balanced[0m
[97m[INFO ] Selecting reference view using strategy: saddle_balanced[0m
[97m[INFO ] Selecting reference view using strategy: saddle_balanced[0m
[97m[INFO ] Selecting reference view using strategy: saddle_balanced[0m
[97m[INFO ] Selecting reference view using strategy: saddle_balanced[0m
[97m[INFO ] Selecting reference view using strategy: saddle_balanced[0m
[97m[INFO ] Selecting reference view using strategy: saddle_balanced[0m
[97m[INFO ] Selecting reference view using strategy: saddle_balanced[0m
[97m[INFO ] Selecting reference view using strategy: saddle_balanced[0m
[97m[INFO ] Selecting reference view using strategy: saddle_balanced[0m
[97m[INFO ] Selecting reference view using strategy: saddle_balanced[0m
[97m[INFO ] Selecting reference view using strategy: saddle_balanced[0m
[97m[INFO ] Selecting reference view using strategy: saddle_balanced[0m
[97m[INFO ] Selecting reference view using strategy: saddle_balanced[0m
[97m[INFO ] Selecting reference view using strategy: saddle_balanced[0m
[fovbench]   frame 140/300 (174s)
[97m[INFO ] Selecting reference view using strategy: saddle_balanced[0m
[97m[INFO ] Selecting reference view using strategy: saddle_balanced[0m
[97m[INFO ] Selecting reference view using strategy: saddle_balanced[0m
[97m[INFO ] Selecting reference view using strategy: saddle_balanced[0m
[97m[INFO ] Selecting reference view using strategy: saddle_balanced[0m
[97m[INFO ] Selecting reference view using strategy: saddle_balanced[0m
[97m[INFO ] Selecting reference view using strategy: saddle_balanced[0m
[97m[INFO ] Selecting reference view using strategy: saddle_balanced[0m
[97m[INFO ] Selecting reference view using strategy: saddle_balanced[0m
[97m[INFO ] Selecting reference view using strategy: saddle_balanced[0m
[97m[INFO ] Selecting reference view using strategy: saddle_balanced[0m
[97m[INFO ] Selecting reference view using strategy: saddle_balanced[0m
[97m[INFO ] Selecting reference view using strategy: saddle_balanced[0m
[97m[INFO ] Selecting reference view using strategy: saddle_balanced[0m
[97m[INFO ] Selecting reference view using strategy: saddle_balanced[0m
[97m[INFO ] Selecting reference view using strategy: saddle_balanced[0m
[97m[INFO ] Selecting reference view using strategy: saddle_balanced[0m
[97m[INFO ] Selecting reference view using strategy: saddle_balanced[0m
[97m[INFO ] Selecting reference view using strategy: saddle_balanced[0m
[97m[INFO ] Selecting reference view using strategy: saddle_balanced[0m
[fovbench]   frame 145/300 (180s)
[97m[INFO ] Selecting reference view using strategy: saddle_balanced[0m
[97m[INFO ] Selecting reference view using strategy: saddle_balanced[0m
[97m[INFO ] Selecting reference view using strategy: saddle_balanced[0m
[97m[INFO ] Selecting reference view using strategy: saddle_balanced[0m
[97m[INFO ] Selecting reference view using strategy: saddle_balanced[0m
[97m[INFO ] Selecting reference view using strategy: saddle_balanced[0m
[97m[INFO ] Selecting reference view using strategy: saddle_balanced[0m
[97m[INFO ] Selecting reference view using strategy: saddle_balanced[0m
[97m[INFO ] Selecting reference view using strategy: saddle_balanced[0m
[97m[INFO ] Selecting reference view using strategy: saddle_balanced[0m
[97m[INFO ] Selecting reference view using strategy: saddle_balanced[0m
[97m[INFO ] Selecting reference view using strategy: saddle_balanced[0m
[97m[INFO ] Selecting reference view using strategy: saddle_balanced[0m
[97m[INFO ] Selecting reference view using strategy: saddle_balanced[0m
[97m[INFO ] Selecting reference view using strategy: saddle_balanced[0m
[97m[INFO ] Selecting reference view using strategy: saddle_balanced[0m
[97m[INFO ] Selecting reference view using strategy: saddle_balanced[0m
[97m[INFO ] Selecting reference view using strategy: saddle_balanced[0m
[97m[INFO ] Selecting reference view using strategy: saddle_balanced[0m
[97m[INFO ] Selecting reference view using strategy: saddle_balanced[0m
[fovbench]   frame 150/300 (186s)
[97m[INFO ] Selecting reference view using strategy: saddle_balanced[0m
[97m[INFO ] Selecting reference view using strategy: saddle_balanced[0m
[97m[INFO ] Selecting reference view using strategy: saddle_balanced[0m
[97m[INFO ] Selecting reference view using strategy: saddle_balanced[0m
[97m[INFO ] Selecting reference view using strategy: saddle_balanced[0m
[97m[INFO ] Selecting reference view using strategy: saddle_balanced[0m
[97m[INFO ] Selecting reference view using strategy: saddle_balanced[0m
[97m[INFO ] Selecting reference view using strategy: saddle_balanced[0m
[97m[INFO ] Selecting reference view using strategy: saddle_balanced[0m
[97m[INFO ] Selecting reference view using strategy: saddle_balanced[0m
[97m[INFO ] Selecting reference view using strategy: saddle_balanced[0m
[97m[INFO ] Selecting reference view using strategy: saddle_balanced[0m
[97m[INFO ] Selecting reference view using strategy: saddle_balanced[0m
[97m[INFO ] Selecting reference view using strategy: saddle_balanced[0m
[97m[INFO ] Selecting reference view using strategy: saddle_balanced[0m
[97m[INFO ] Selecting reference view using strategy: saddle_balanced[0m
[97m[INFO ] Selecting reference view using strategy: saddle_balanced[0m
[97m[INFO ] Selecting reference view using strategy: saddle_balanced[0m
[97m[INFO ] Selecting reference view using strategy: saddle_balanced[0m
[97m[INFO ] Selecting reference view using strategy: saddle_balanced[0m
[fovbench]   frame 155/300 (193s)
[97m[INFO ] Selecting reference view using strategy: saddle_balanced[0m
[97m[INFO ] Selecting reference view using strategy: saddle_balanced[0m
[97m[INFO ] Selecting reference view using strategy: saddle_balanced[0m
[97m[INFO ] Selecting reference view using strategy: saddle_balanced[0m
[97m[INFO ] Selecting reference view using strategy: saddle_balanced[0m
[97m[INFO ] Selecting reference view using strategy: saddle_balanced[0m
[97m[INFO ] Selecting reference view using strategy: saddle_balanced[0m
[97m[INFO ] Selecting reference view using strategy: saddle_balanced[0m
[97m[INFO ] Selecting reference view using strategy: saddle_balanced[0m
[97m[INFO ] Selecting reference view using strategy: saddle_balanced[0m
[97m[INFO ] Selecting reference view using strategy: saddle_balanced[0m
[97m[INFO ] Selecting reference view using strategy: saddle_balanced[0m
[97m[INFO ] Selecting reference view using strategy: saddle_balanced[0m
[97m[INFO ] Selecting reference view using strategy: saddle_balanced[0m
[97m[INFO ] Selecting reference view using strategy: saddle_balanced[0m
[97m[INFO ] Selecting reference view using strategy: saddle_balanced[0m
[97m[INFO ] Selecting reference view using strategy: saddle_balanced[0m
[97m[INFO ] Selecting reference view using strategy: saddle_balanced[0m
[97m[INFO ] Selecting reference view using strategy: saddle_balanced[0m
[97m[INFO ] Selecting reference view using strategy: saddle_balanced[0m
[fovbench]   frame 160/300 (199s)
[97m[INFO ] Selecting reference view using strategy: saddle_balanced[0m
[97m[INFO ] Selecting reference view using strategy: saddle_balanced[0m
[97m[INFO ] Selecting reference view using strategy: saddle_balanced[0m
[97m[INFO ] Selecting reference view using strategy: saddle_balanced[0m
[97m[INFO ] Selecting reference view using strategy: saddle_balanced[0m
[97m[INFO ] Selecting reference view using strategy: saddle_balanced[0m
[97m[INFO ] Selecting reference view using strategy: saddle_balanced[0m
[97m[INFO ] Selecting reference view using strategy: saddle_balanced[0m
[97m[INFO ] Selecting reference view using strategy: saddle_balanced[0m
[97m[INFO ] Selecting reference view using strategy: saddle_balanced[0m
[97m[INFO ] Selecting reference view using strategy: saddle_balanced[0m
[97m[INFO ] Selecting reference view using strategy: saddle_balanced[0m
[97m[INFO ] Selecting reference view using strategy: saddle_balanced[0m
[97m[INFO ] Selecting reference view using strategy: saddle_balanced[0m
[97m[INFO ] Selecting reference view using strategy: saddle_balanced[0m
[97m[INFO ] Selecting reference view using strategy: saddle_balanced[0m
[97m[INFO ] Selecting reference view using strategy: saddle_balanced[0m
[97m[INFO ] Selecting reference view using strategy: saddle_balanced[0m
[97m[INFO ] Selecting reference view using strategy: saddle_balanced[0m
[97m[INFO ] Selecting reference view using strategy: saddle_balanced[0m
[fovbench]   frame 165/300 (206s)
[97m[INFO ] Selecting reference view using strategy: saddle_balanced[0m
[97m[INFO ] Selecting reference view using strategy: saddle_balanced[0m
[97m[INFO ] Selecting reference view using strategy: saddle_balanced[0m
[97m[INFO ] Selecting reference view using strategy: saddle_balanced[0m
[97m[INFO ] Selecting reference view using strategy: saddle_balanced[0m
[97m[INFO ] Selecting reference view using strategy: saddle_balanced[0m
[97m[INFO ] Selecting reference view using strategy: saddle_balanced[0m
[97m[INFO ] Selecting reference view using strategy: saddle_balanced[0m
[97m[INFO ] Selecting reference view using strategy: saddle_balanced[0m
[97m[INFO ] Selecting reference view using strategy: saddle_balanced[0m
[97m[INFO ] Selecting reference view using strategy: saddle_balanced[0m
[97m[INFO ] Selecting reference view using strategy: saddle_balanced[0m
[97m[INFO ] Selecting reference view using strategy: saddle_balanced[0m
[97m[INFO ] Selecting reference view using strategy: saddle_balanced[0m
[97m[INFO ] Selecting reference view using strategy: saddle_balanced[0m
[97m[INFO ] Selecting reference view using strategy: saddle_balanced[0m
[97m[INFO ] Selecting reference view using strategy: saddle_balanced[0m
[97m[INFO ] Selecting reference view using strategy: saddle_balanced[0m
[97m[INFO ] Selecting reference view using strategy: saddle_balanced[0m
[97m[INFO ] Selecting reference view using strategy: saddle_balanced[0m
[fovbench]   frame 170/300 (212s)
[97m[INFO ] Selecting reference view using strategy: saddle_balanced[0m
[97m[INFO ] Selecting reference view using strategy: saddle_balanced[0m
[97m[INFO ] Selecting reference view using strategy: saddle_balanced[0m
[97m[INFO ] Selecting reference view using strategy: saddle_balanced[0m
[97m[INFO ] Selecting reference view using strategy: saddle_balanced[0m
[97m[INFO ] Selecting reference view using strategy: saddle_balanced[0m
[97m[INFO ] Selecting reference view using strategy: saddle_balanced[0m
[97m[INFO ] Selecting reference view using strategy: saddle_balanced[0m
[97m[INFO ] Selecting reference view using strategy: saddle_balanced[0m
[97m[INFO ] Selecting reference view using strategy: saddle_balanced[0m
[97m[INFO ] Selecting reference view using strategy: saddle_balanced[0m
[97m[INFO ] Selecting reference view using strategy: saddle_balanced[0m
[97m[INFO ] Selecting reference view using strategy: saddle_balanced[0m
[97m[INFO ] Selecting reference view using strategy: saddle_balanced[0m
[97m[INFO ] Selecting reference view using strategy: saddle_balanced[0m
[97m[INFO ] Selecting reference view using strategy: saddle_balanced[0m
[97m[INFO ] Selecting reference view using strategy: saddle_balanced[0m
[97m[INFO ] Selecting reference view using strategy: saddle_balanced[0m
[97m[INFO ] Selecting reference view using strategy: saddle_balanced[0m
[97m[INFO ] Selecting reference view using strategy: saddle_balanced[0m
[fovbench]   frame 175/300 (218s)
[97m[INFO ] Selecting reference view using strategy: saddle_balanced[0m
[97m[INFO ] Selecting reference view using strategy: saddle_balanced[0m
[97m[INFO ] Selecting reference view using strategy: saddle_balanced[0m
[97m[INFO ] Selecting reference view using strategy: saddle_balanced[0m
[97m[INFO ] Selecting reference view using strategy: saddle_balanced[0m
[97m[INFO ] Selecting reference view using strategy: saddle_balanced[0m
[97m[INFO ] Selecting reference view using strategy: saddle_balanced[0m
[97m[INFO ] Selecting reference view using strategy: saddle_balanced[0m
[97m[INFO ] Selecting reference view using strategy: saddle_balanced[0m
[97m[INFO ] Selecting reference view using strategy: saddle_balanced[0m
[97m[INFO ] Selecting reference view using strategy: saddle_balanced[0m
[97m[INFO ] Selecting reference view using strategy: saddle_balanced[0m
[97m[INFO ] Selecting reference view using strategy: saddle_balanced[0m
[97m[INFO ] Selecting reference view using strategy: saddle_balanced[0m
[97m[INFO ] Selecting reference view using strategy: saddle_balanced[0m
[97m[INFO ] Selecting reference view using strategy: saddle_balanced[0m
[97m[INFO ] Selecting reference view using strategy: saddle_balanced[0m
[97m[INFO ] Selecting reference view using strategy: saddle_balanced[0m
[97m[INFO ] Selecting reference view using strategy: saddle_balanced[0m
[97m[INFO ] Selecting reference view using strategy: saddle_balanced[0m
[fovbench]   frame 180/300 (225s)
[97m[INFO ] Selecting reference view using strategy: saddle_balanced[0m
[97m[INFO ] Selecting reference view using strategy: saddle_balanced[0m
[97m[INFO ] Selecting reference view using strategy: saddle_balanced[0m
[97m[INFO ] Selecting reference view using strategy: saddle_balanced[0m
[97m[INFO ] Selecting reference view using strategy: saddle_balanced[0m
[97m[INFO ] Selecting reference view using strategy: saddle_balanced[0m
[97m[INFO ] Selecting reference view using strategy: saddle_balanced[0m
[97m[INFO ] Selecting reference view using strategy: saddle_balanced[0m
[97m[INFO ] Selecting reference view using strategy: saddle_balanced[0m
[97m[INFO ] Selecting reference view using strategy: saddle_balanced[0m
[97m[INFO ] Selecting reference view using strategy: saddle_balanced[0m
[97m[INFO ] Selecting reference view using strategy: saddle_balanced[0m
[97m[INFO ] Selecting reference view using strategy: saddle_balanced[0m
[97m[INFO ] Selecting reference view using strategy: saddle_balanced[0m
[97m[INFO ] Selecting reference view using strategy: saddle_balanced[0m
[97m[INFO ] Selecting reference view using strategy: saddle_balanced[0m
[97m[INFO ] Selecting reference view using strategy: saddle_balanced[0m
[97m[INFO ] Selecting reference view using strategy: saddle_balanced[0m
[97m[INFO ] Selecting reference view using strategy: saddle_balanced[0m
[97m[INFO ] Selecting reference view using strategy: saddle_balanced[0m
[fovbench]   frame 185/300 (231s)
[97m[INFO ] Selecting reference view using strategy: saddle_balanced[0m
[97m[INFO ] Selecting reference view using strategy: saddle_balanced[0m
[97m[INFO ] Selecting reference view using strategy: saddle_balanced[0m
[97m[INFO ] Selecting reference view using strategy: saddle_balanced[0m
[97m[INFO ] Selecting reference view using strategy: saddle_balanced[0m
[97m[INFO ] Selecting reference view using strategy: saddle_balanced[0m
[97m[INFO ] Selecting reference view using strategy: saddle_balanced[0m
[97m[INFO ] Selecting reference view using strategy: saddle_balanced[0m
[97m[INFO ] Selecting reference view using strategy: saddle_balanced[0m
[97m[INFO ] Selecting reference view using strategy: saddle_balanced[0m
[97m[INFO ] Selecting reference view using strategy: saddle_balanced[0m
[97m[INFO ] Selecting reference view using strategy: saddle_balanced[0m
[97m[INFO ] Selecting reference view using strategy: saddle_balanced[0m
[97m[INFO ] Selecting reference view using strategy: saddle_balanced[0m
[97m[INFO ] Selecting reference view using strategy: saddle_balanced[0m
[97m[INFO ] Selecting reference view using strategy: saddle_balanced[0m
[97m[INFO ] Selecting reference view using strategy: saddle_balanced[0m
[97m[INFO ] Selecting reference view using strategy: saddle_balanced[0m
[97m[INFO ] Selecting reference view using strategy: saddle_balanced[0m
[97m[INFO ] Selecting reference view using strategy: saddle_balanced[0m
[fovbench]   frame 190/300 (237s)
[97m[INFO ] Selecting reference view using strategy: saddle_balanced[0m
[97m[INFO ] Selecting reference view using strategy: saddle_balanced[0m
[97m[INFO ] Selecting reference view using strategy: saddle_balanced[0m
[97m[INFO ] Selecting reference view using strategy: saddle_balanced[0m
[97m[INFO ] Selecting reference view using strategy: saddle_balanced[0m
[97m[INFO ] Selecting reference view using strategy: saddle_balanced[0m
[97m[INFO ] Selecting reference view using strategy: saddle_balanced[0m
[97m[INFO ] Selecting reference view using strategy: saddle_balanced[0m
[97m[INFO ] Selecting reference view using strategy: saddle_balanced[0m
[97m[INFO ] Selecting reference view using strategy: saddle_balanced[0m
[97m[INFO ] Selecting reference view using strategy: saddle_balanced[0m
[97m[INFO ] Selecting reference view using strategy: saddle_balanced[0m
[97m[INFO ] Selecting reference view using strategy: saddle_balanced[0m
[97m[INFO ] Selecting reference view using strategy: saddle_balanced[0m
[97m[INFO ] Selecting reference view using strategy: saddle_balanced[0m
[97m[INFO ] Selecting reference view using strategy: saddle_balanced[0m
[97m[INFO ] Selecting reference view using strategy: saddle_balanced[0m
[97m[INFO ] Selecting reference view using strategy: saddle_balanced[0m
[97m[INFO ] Selecting reference view using strategy: saddle_balanced[0m
[97m[INFO ] Selecting reference view using strategy: saddle_balanced[0m
[fovbench]   frame 195/300 (244s)
[97m[INFO ] Selecting reference view using strategy: saddle_balanced[0m
[97m[INFO ] Selecting reference view using strategy: saddle_balanced[0m
[97m[INFO ] Selecting reference view using strategy: saddle_balanced[0m
[97m[INFO ] Selecting reference view using strategy: saddle_balanced[0m
[97m[INFO ] Selecting reference view using strategy: saddle_balanced[0m
[97m[INFO ] Selecting reference view using strategy: saddle_balanced[0m
[97m[INFO ] Selecting reference view using strategy: saddle_balanced[0m
[97m[INFO ] Selecting reference view using strategy: saddle_balanced[0m
[97m[INFO ] Selecting reference view using strategy: saddle_balanced[0m
[97m[INFO ] Selecting reference view using strategy: saddle_balanced[0m
[97m[INFO ] Selecting reference view using strategy: saddle_balanced[0m
[97m[INFO ] Selecting reference view using strategy: saddle_balanced[0m
[97m[INFO ] Selecting reference view using strategy: saddle_balanced[0m
[97m[INFO ] Selecting reference view using strategy: saddle_balanced[0m
[97m[INFO ] Selecting reference view using strategy: saddle_balanced[0m
[97m[INFO ] Selecting reference view using strategy: saddle_balanced[0m
[97m[INFO ] Selecting reference view using strategy: saddle_balanced[0m
[97m[INFO ] Selecting reference view using strategy: saddle_balanced[0m
[97m[INFO ] Selecting reference view using strategy: saddle_balanced[0m
[97m[INFO ] Selecting reference view using strategy: saddle_balanced[0m
[fovbench]   frame 200/300 (250s)
[97m[INFO ] Selecting reference view using strategy: saddle_balanced[0m
[97m[INFO ] Selecting reference view using strategy: saddle_balanced[0m
[97m[INFO ] Selecting reference view using strategy: saddle_balanced[0m
[97m[INFO ] Selecting reference view using strategy: saddle_balanced[0m
[97m[INFO ] Selecting reference view using strategy: saddle_balanced[0m
[97m[INFO ] Selecting reference view using strategy: saddle_balanced[0m
[97m[INFO ] Selecting reference view using strategy: saddle_balanced[0m
[97m[INFO ] Selecting reference view using strategy: saddle_balanced[0m
[97m[INFO ] Selecting reference view using strategy: saddle_balanced[0m
[97m[INFO ] Selecting reference view using strategy: saddle_balanced[0m
[97m[INFO ] Selecting reference view using strategy: saddle_balanced[0m
[97m[INFO ] Selecting reference view using strategy: saddle_balanced[0m
[97m[INFO ] Selecting reference view using strategy: saddle_balanced[0m
[97m[INFO ] Selecting reference view using strategy: saddle_balanced[0m
[97m[INFO ] Selecting reference view using strategy: saddle_balanced[0m
[97m[INFO ] Selecting reference view using strategy: saddle_balanced[0m
[97m[INFO ] Selecting reference view using strategy: saddle_balanced[0m
[97m[INFO ] Selecting reference view using strategy: saddle_balanced[0m
[97m[INFO ] Selecting reference view using strategy: saddle_balanced[0m
[97m[INFO ] Selecting reference view using strategy: saddle_balanced[0m
[fovbench]   frame 205/300 (256s)
[97m[INFO ] Selecting reference view using strategy: saddle_balanced[0m
[97m[INFO ] Selecting reference view using strategy: saddle_balanced[0m
[97m[INFO ] Selecting reference view using strategy: saddle_balanced[0m
[97m[INFO ] Selecting reference view using strategy: saddle_balanced[0m
[97m[INFO ] Selecting reference view using strategy: saddle_balanced[0m
[97m[INFO ] Selecting reference view using strategy: saddle_balanced[0m
[97m[INFO ] Selecting reference view using strategy: saddle_balanced[0m
[97m[INFO ] Selecting reference view using strategy: saddle_balanced[0m
[97m[INFO ] Selecting reference view using strategy: saddle_balanced[0m
[97m[INFO ] Selecting reference view using strategy: saddle_balanced[0m
[97m[INFO ] Selecting reference view using strategy: saddle_balanced[0m
[97m[INFO ] Selecting reference view using strategy: saddle_balanced[0m
[97m[INFO ] Selecting reference view using strategy: saddle_balanced[0m
[97m[INFO ] Selecting reference view using strategy: saddle_balanced[0m
[97m[INFO ] Selecting reference view using strategy: saddle_balanced[0m
[97m[INFO ] Selecting reference view using strategy: saddle_balanced[0m
[97m[INFO ] Selecting reference view using strategy: saddle_balanced[0m
[97m[INFO ] Selecting reference view using strategy: saddle_balanced[0m
[97m[INFO ] Selecting reference view using strategy: saddle_balanced[0m
[97m[INFO ] Selecting reference view using strategy: saddle_balanced[0m
[fovbench]   frame 210/300 (263s)
[97m[INFO ] Selecting reference view using strategy: saddle_balanced[0m
[97m[INFO ] Selecting reference view using strategy: saddle_balanced[0m
[97m[INFO ] Selecting reference view using strategy: saddle_balanced[0m
[97m[INFO ] Selecting reference view using strategy: saddle_balanced[0m
[97m[INFO ] Selecting reference view using strategy: saddle_balanced[0m
[97m[INFO ] Selecting reference view using strategy: saddle_balanced[0m
[97m[INFO ] Selecting reference view using strategy: saddle_balanced[0m
[97m[INFO ] Selecting reference view using strategy: saddle_balanced[0m
[97m[INFO ] Selecting reference view using strategy: saddle_balanced[0m
[97m[INFO ] Selecting reference view using strategy: saddle_balanced[0m
[97m[INFO ] Selecting reference view using strategy: saddle_balanced[0m
[97m[INFO ] Selecting reference view using strategy: saddle_balanced[0m
[97m[INFO ] Selecting reference view using strategy: saddle_balanced[0m
[97m[INFO ] Selecting reference view using strategy: saddle_balanced[0m
[97m[INFO ] Selecting reference view using strategy: saddle_balanced[0m
[97m[INFO ] Selecting reference view using strategy: saddle_balanced[0m
[97m[INFO ] Selecting reference view using strategy: saddle_balanced[0m
[97m[INFO ] Selecting reference view using strategy: saddle_balanced[0m
[97m[INFO ] Selecting reference view using strategy: saddle_balanced[0m
[97m[INFO ] Selecting reference view using strategy: saddle_balanced[0m
[fovbench]   frame 215/300 (269s)
[97m[INFO ] Selecting reference view using strategy: saddle_balanced[0m
[97m[INFO ] Selecting reference view using strategy: saddle_balanced[0m
[97m[INFO ] Selecting reference view using strategy: saddle_balanced[0m
[97m[INFO ] Selecting reference view using strategy: saddle_balanced[0m
[97m[INFO ] Selecting reference view using strategy: saddle_balanced[0m
[97m[INFO ] Selecting reference view using strategy: saddle_balanced[0m
[97m[INFO ] Selecting reference view using strategy: saddle_balanced[0m
[97m[INFO ] Selecting reference view using strategy: saddle_balanced[0m
[97m[INFO ] Selecting reference view using strategy: saddle_balanced[0m
[97m[INFO ] Selecting reference view using strategy: saddle_balanced[0m
[97m[INFO ] Selecting reference view using strategy: saddle_balanced[0m
[97m[INFO ] Selecting reference view using strategy: saddle_balanced[0m
[97m[INFO ] Selecting reference view using strategy: saddle_balanced[0m
[97m[INFO ] Selecting reference view using strategy: saddle_balanced[0m
[97m[INFO ] Selecting reference view using strategy: saddle_balanced[0m
[97m[INFO ] Selecting reference view using strategy: saddle_balanced[0m
[97m[INFO ] Selecting reference view using strategy: saddle_balanced[0m
[97m[INFO ] Selecting reference view using strategy: saddle_balanced[0m
[97m[INFO ] Selecting reference view using strategy: saddle_balanced[0m
[97m[INFO ] Selecting reference view using strategy: saddle_balanced[0m
[fovbench]   frame 220/300 (275s)
[97m[INFO ] Selecting reference view using strategy: saddle_balanced[0m
[97m[INFO ] Selecting reference view using strategy: saddle_balanced[0m
[97m[INFO ] Selecting reference view using strategy: saddle_balanced[0m
[97m[INFO ] Selecting reference view using strategy: saddle_balanced[0m
[97m[INFO ] Selecting reference view using strategy: saddle_balanced[0m
[97m[INFO ] Selecting reference view using strategy: saddle_balanced[0m
[97m[INFO ] Selecting reference view using strategy: saddle_balanced[0m
[97m[INFO ] Selecting reference view using strategy: saddle_balanced[0m
[97m[INFO ] Selecting reference view using strategy: saddle_balanced[0m
[97m[INFO ] Selecting reference view using strategy: saddle_balanced[0m
[97m[INFO ] Selecting reference view using strategy: saddle_balanced[0m
[97m[INFO ] Selecting reference view using strategy: saddle_balanced[0m
[97m[INFO ] Selecting reference view using strategy: saddle_balanced[0m
[97m[INFO ] Selecting reference view using strategy: saddle_balanced[0m
[97m[INFO ] Selecting reference view using strategy: saddle_balanced[0m
[97m[INFO ] Selecting reference view using strategy: saddle_balanced[0m
[97m[INFO ] Selecting reference view using strategy: saddle_balanced[0m
[97m[INFO ] Selecting reference view using strategy: saddle_balanced[0m
[97m[INFO ] Selecting reference view using strategy: saddle_balanced[0m
[97m[INFO ] Selecting reference view using strategy: saddle_balanced[0m
[fovbench]   frame 225/300 (281s)
[97m[INFO ] Selecting reference view using strategy: saddle_balanced[0m
[97m[INFO ] Selecting reference view using strategy: saddle_balanced[0m
[97m[INFO ] Selecting reference view using strategy: saddle_balanced[0m
[97m[INFO ] Selecting reference view using strategy: saddle_balanced[0m
[97m[INFO ] Selecting reference view using strategy: saddle_balanced[0m
[97m[INFO ] Selecting reference view using strategy: saddle_balanced[0m
[97m[INFO ] Selecting reference view using strategy: saddle_balanced[0m
[97m[INFO ] Selecting reference view using strategy: saddle_balanced[0m
[97m[INFO ] Selecting reference view using strategy: saddle_balanced[0m
[97m[INFO ] Selecting reference view using strategy: saddle_balanced[0m
[97m[INFO ] Selecting reference view using strategy: saddle_balanced[0m
[97m[INFO ] Selecting reference view using strategy: saddle_balanced[0m
[97m[INFO ] Selecting reference view using strategy: saddle_balanced[0m
[97m[INFO ] Selecting reference view using strategy: saddle_balanced[0m
[97m[INFO ] Selecting reference view using strategy: saddle_balanced[0m
[97m[INFO ] Selecting reference view using strategy: saddle_balanced[0m
[97m[INFO ] Selecting reference view using strategy: saddle_balanced[0m
[97m[INFO ] Selecting reference view using strategy: saddle_balanced[0m
[97m[INFO ] Selecting reference view using strategy: saddle_balanced[0m
[97m[INFO ] Selecting reference view using strategy: saddle_balanced[0m
[fovbench]   frame 230/300 (287s)
[97m[INFO ] Selecting reference view using strategy: saddle_balanced[0m
[97m[INFO ] Selecting reference view using strategy: saddle_balanced[0m
[97m[INFO ] Selecting reference view using strategy: saddle_balanced[0m
[97m[INFO ] Selecting reference view using strategy: saddle_balanced[0m
[97m[INFO ] Selecting reference view using strategy: saddle_balanced[0m
[97m[INFO ] Selecting reference view using strategy: saddle_balanced[0m
[97m[INFO ] Selecting reference view using strategy: saddle_balanced[0m
[97m[INFO ] Selecting reference view using strategy: saddle_balanced[0m
[97m[INFO ] Selecting reference view using strategy: saddle_balanced[0m
[97m[INFO ] Selecting reference view using strategy: saddle_balanced[0m
[97m[INFO ] Selecting reference view using strategy: saddle_balanced[0m
[97m[INFO ] Selecting reference view using strategy: saddle_balanced[0m
[97m[INFO ] Selecting reference view using strategy: saddle_balanced[0m
[97m[INFO ] Selecting reference view using strategy: saddle_balanced[0m
[97m[INFO ] Selecting reference view using strategy: saddle_balanced[0m
[97m[INFO ] Selecting reference view using strategy: saddle_balanced[0m
[97m[INFO ] Selecting reference view using strategy: saddle_balanced[0m
[97m[INFO ] Selecting reference view using strategy: saddle_balanced[0m
[97m[INFO ] Selecting reference view using strategy: saddle_balanced[0m
[97m[INFO ] Selecting reference view using strategy: saddle_balanced[0m
[fovbench]   frame 235/300 (293s)
[97m[INFO ] Selecting reference view using strategy: saddle_balanced[0m
[97m[INFO ] Selecting reference view using strategy: saddle_balanced[0m
[97m[INFO ] Selecting reference view using strategy: saddle_balanced[0m
[97m[INFO ] Selecting reference view using strategy: saddle_balanced[0m
[97m[INFO ] Selecting reference view using strategy: saddle_balanced[0m
[97m[INFO ] Selecting reference view using strategy: saddle_balanced[0m
[97m[INFO ] Selecting reference view using strategy: saddle_balanced[0m
[97m[INFO ] Selecting reference view using strategy: saddle_balanced[0m
[97m[INFO ] Selecting reference view using strategy: saddle_balanced[0m
[97m[INFO ] Selecting reference view using strategy: saddle_balanced[0m
[97m[INFO ] Selecting reference view using strategy: saddle_balanced[0m
[97m[INFO ] Selecting reference view using strategy: saddle_balanced[0m
[97m[INFO ] Selecting reference view using strategy: saddle_balanced[0m
[97m[INFO ] Selecting reference view using strategy: saddle_balanced[0m
[97m[INFO ] Selecting reference view using strategy: saddle_balanced[0m
[97m[INFO ] Selecting reference view using strategy: saddle_balanced[0m
[97m[INFO ] Selecting reference view using strategy: saddle_balanced[0m
[97m[INFO ] Selecting reference view using strategy: saddle_balanced[0m
[97m[INFO ] Selecting reference view using strategy: saddle_balanced[0m
[97m[INFO ] Selecting reference view using strategy: saddle_balanced[0m
[fovbench]   frame 240/300 (299s)
[97m[INFO ] Selecting reference view using strategy: saddle_balanced[0m
[97m[INFO ] Selecting reference view using strategy: saddle_balanced[0m
[97m[INFO ] Selecting reference view using strategy: saddle_balanced[0m
[97m[INFO ] Selecting reference view using strategy: saddle_balanced[0m
[97m[INFO ] Selecting reference view using strategy: saddle_balanced[0m
[97m[INFO ] Selecting reference view using strategy: saddle_balanced[0m
[97m[INFO ] Selecting reference view using strategy: saddle_balanced[0m
[97m[INFO ] Selecting reference view using strategy: saddle_balanced[0m
[97m[INFO ] Selecting reference view using strategy: saddle_balanced[0m
[97m[INFO ] Selecting reference view using strategy: saddle_balanced[0m
[97m[INFO ] Selecting reference view using strategy: saddle_balanced[0m
[97m[INFO ] Selecting reference view using strategy: saddle_balanced[0m
[97m[INFO ] Selecting reference view using strategy: saddle_balanced[0m
[97m[INFO ] Selecting reference view using strategy: saddle_balanced[0m
[97m[INFO ] Selecting reference view using strategy: saddle_balanced[0m
[97m[INFO ] Selecting reference view using strategy: saddle_balanced[0m
[97m[INFO ] Selecting reference view using strategy: saddle_balanced[0m
[97m[INFO ] Selecting reference view using strategy: saddle_balanced[0m
[97m[INFO ] Selecting reference view using strategy: saddle_balanced[0m
[97m[INFO ] Selecting reference view using strategy: saddle_balanced[0m
[fovbench]   frame 245/300 (305s)
[97m[INFO ] Selecting reference view using strategy: saddle_balanced[0m
[97m[INFO ] Selecting reference view using strategy: saddle_balanced[0m
[97m[INFO ] Selecting reference view using strategy: saddle_balanced[0m
[97m[INFO ] Selecting reference view using strategy: saddle_balanced[0m
[97m[INFO ] Selecting reference view using strategy: saddle_balanced[0m
[97m[INFO ] Selecting reference view using strategy: saddle_balanced[0m
[97m[INFO ] Selecting reference view using strategy: saddle_balanced[0m
[97m[INFO ] Selecting reference view using strategy: saddle_balanced[0m
[97m[INFO ] Selecting reference view using strategy: saddle_balanced[0m
[97m[INFO ] Selecting reference view using strategy: saddle_balanced[0m
[97m[INFO ] Selecting reference view using strategy: saddle_balanced[0m
[97m[INFO ] Selecting reference view using strategy: saddle_balanced[0m
[97m[INFO ] Selecting reference view using strategy: saddle_balanced[0m
[97m[INFO ] Selecting reference view using strategy: saddle_balanced[0m
[97m[INFO ] Selecting reference view using strategy: saddle_balanced[0m
[97m[INFO ] Selecting reference view using strategy: saddle_balanced[0m
[97m[INFO ] Selecting reference view using strategy: saddle_balanced[0m
[97m[INFO ] Selecting reference view using strategy: saddle_balanced[0m
[97m[INFO ] Selecting reference view using strategy: saddle_balanced[0m
[97m[INFO ] Selecting reference view using strategy: saddle_balanced[0m
[fovbench]   frame 250/300 (311s)
[97m[INFO ] Selecting reference view using strategy: saddle_balanced[0m
[97m[INFO ] Selecting reference view using strategy: saddle_balanced[0m
[97m[INFO ] Selecting reference view using strategy: saddle_balanced[0m
[97m[INFO ] Selecting reference view using strategy: saddle_balanced[0m
[97m[INFO ] Selecting reference view using strategy: saddle_balanced[0m
[97m[INFO ] Selecting reference view using strategy: saddle_balanced[0m
[97m[INFO ] Selecting reference view using strategy: saddle_balanced[0m
[97m[INFO ] Selecting reference view using strategy: saddle_balanced[0m
[97m[INFO ] Selecting reference view using strategy: saddle_balanced[0m
[97m[INFO ] Selecting reference view using strategy: saddle_balanced[0m
[97m[INFO ] Selecting reference view using strategy: saddle_balanced[0m
[97m[INFO ] Selecting reference view using strategy: saddle_balanced[0m
[97m[INFO ] Selecting reference view using strategy: saddle_balanced[0m
[97m[INFO ] Selecting reference view using strategy: saddle_balanced[0m
[97m[INFO ] Selecting reference view using strategy: saddle_balanced[0m
[97m[INFO ] Selecting reference view using strategy: saddle_balanced[0m
[97m[INFO ] Selecting reference view using strategy: saddle_balanced[0m
[97m[INFO ] Selecting reference view using strategy: saddle_balanced[0m
[97m[INFO ] Selecting reference view using strategy: saddle_balanced[0m
[97m[INFO ] Selecting reference view using strategy: saddle_balanced[0m
[fovbench]   frame 255/300 (317s)
[97m[INFO ] Selecting reference view using strategy: saddle_balanced[0m
[97m[INFO ] Selecting reference view using strategy: saddle_balanced[0m
[97m[INFO ] Selecting reference view using strategy: saddle_balanced[0m
[97m[INFO ] Selecting reference view using strategy: saddle_balanced[0m
[97m[INFO ] Selecting reference view using strategy: saddle_balanced[0m
[97m[INFO ] Selecting reference view using strategy: saddle_balanced[0m
[97m[INFO ] Selecting reference view using strategy: saddle_balanced[0m
[97m[INFO ] Selecting reference view using strategy: saddle_balanced[0m
[97m[INFO ] Selecting reference view using strategy: saddle_balanced[0m
[97m[INFO ] Selecting reference view using strategy: saddle_balanced[0m
[97m[INFO ] Selecting reference view using strategy: saddle_balanced[0m
[97m[INFO ] Selecting reference view using strategy: saddle_balanced[0m
[97m[INFO ] Selecting reference view using strategy: saddle_balanced[0m
[97m[INFO ] Selecting reference view using strategy: saddle_balanced[0m
[97m[INFO ] Selecting reference view using strategy: saddle_balanced[0m
[97m[INFO ] Selecting reference view using strategy: saddle_balanced[0m
[97m[INFO ] Selecting reference view using strategy: saddle_balanced[0m
[97m[INFO ] Selecting reference view using strategy: saddle_balanced[0m
[97m[INFO ] Selecting reference view using strategy: saddle_balanced[0m
[97m[INFO ] Selecting reference view using strategy: saddle_balanced[0m
[fovbench]   frame 260/300 (323s)
[97m[INFO ] Selecting reference view using strategy: saddle_balanced[0m
[97m[INFO ] Selecting reference view using strategy: saddle_balanced[0m
[97m[INFO ] Selecting reference view using strategy: saddle_balanced[0m
[97m[INFO ] Selecting reference view using strategy: saddle_balanced[0m
[97m[INFO ] Selecting reference view using strategy: saddle_balanced[0m
[97m[INFO ] Selecting reference view using strategy: saddle_balanced[0m
[97m[INFO ] Selecting reference view using strategy: saddle_balanced[0m
[97m[INFO ] Selecting reference view using strategy: saddle_balanced[0m
[97m[INFO ] Selecting reference view using strategy: saddle_balanced[0m
[97m[INFO ] Selecting reference view using strategy: saddle_balanced[0m
[97m[INFO ] Selecting reference view using strategy: saddle_balanced[0m
[97m[INFO ] Selecting reference view using strategy: saddle_balanced[0m
[97m[INFO ] Selecting reference view using strategy: saddle_balanced[0m
[97m[INFO ] Selecting reference view using strategy: saddle_balanced[0m
[97m[INFO ] Selecting reference view using strategy: saddle_balanced[0m
[97m[INFO ] Selecting reference view using strategy: saddle_balanced[0m
[97m[INFO ] Selecting reference view using strategy: saddle_balanced[0m
[97m[INFO ] Selecting reference view using strategy: saddle_balanced[0m
[97m[INFO ] Selecting reference view using strategy: saddle_balanced[0m
[97m[INFO ] Selecting reference view using strategy: saddle_balanced[0m
[fovbench]   frame 265/300 (329s)
[97m[INFO ] Selecting reference view using strategy: saddle_balanced[0m
[97m[INFO ] Selecting reference view using strategy: saddle_balanced[0m
[97m[INFO ] Selecting reference view using strategy: saddle_balanced[0m
[97m[INFO ] Selecting reference view using strategy: saddle_balanced[0m
[97m[INFO ] Selecting reference view using strategy: saddle_balanced[0m
[97m[INFO ] Selecting reference view using strategy: saddle_balanced[0m
[97m[INFO ] Selecting reference view using strategy: saddle_balanced[0m
[97m[INFO ] Selecting reference view using strategy: saddle_balanced[0m
[97m[INFO ] Selecting reference view using strategy: saddle_balanced[0m
[97m[INFO ] Selecting reference view using strategy: saddle_balanced[0m
[97m[INFO ] Selecting reference view using strategy: saddle_balanced[0m
[97m[INFO ] Selecting reference view using strategy: saddle_balanced[0m
[97m[INFO ] Selecting reference view using strategy: saddle_balanced[0m
[97m[INFO ] Selecting reference view using strategy: saddle_balanced[0m
[97m[INFO ] Selecting reference view using strategy: saddle_balanced[0m
[97m[INFO ] Selecting reference view using strategy: saddle_balanced[0m
[97m[INFO ] Selecting reference view using strategy: saddle_balanced[0m
[97m[INFO ] Selecting reference view using strategy: saddle_balanced[0m
[97m[INFO ] Selecting reference view using strategy: saddle_balanced[0m
[97m[INFO ] Selecting reference view using strategy: saddle_balanced[0m
[fovbench]   frame 270/300 (335s)
[97m[INFO ] Selecting reference view using strategy: saddle_balanced[0m
[97m[INFO ] Selecting reference view using strategy: saddle_balanced[0m
[97m[INFO ] Selecting reference view using strategy: saddle_balanced[0m
[97m[INFO ] Selecting reference view using strategy: saddle_balanced[0m
[97m[INFO ] Selecting reference view using strategy: saddle_balanced[0m
[97m[INFO ] Selecting reference view using strategy: saddle_balanced[0m
[97m[INFO ] Selecting reference view using strategy: saddle_balanced[0m
[97m[INFO ] Selecting reference view using strategy: saddle_balanced[0m
[97m[INFO ] Selecting reference view using strategy: saddle_balanced[0m
[97m[INFO ] Selecting reference view using strategy: saddle_balanced[0m
[97m[INFO ] Selecting reference view using strategy: saddle_balanced[0m
[97m[INFO ] Selecting reference view using strategy: saddle_balanced[0m
[97m[INFO ] Selecting reference view using strategy: saddle_balanced[0m
[97m[INFO ] Selecting reference view using strategy: saddle_balanced[0m
[97m[INFO ] Selecting reference view using strategy: saddle_balanced[0m
[97m[INFO ] Selecting reference view using strategy: saddle_balanced[0m
[97m[INFO ] Selecting reference view using strategy: saddle_balanced[0m
[97m[INFO ] Selecting reference view using strategy: saddle_balanced[0m
[97m[INFO ] Selecting reference view using strategy: saddle_balanced[0m
[97m[INFO ] Selecting reference view using strategy: saddle_balanced[0m
[fovbench]   frame 275/300 (341s)
[97m[INFO ] Selecting reference view using strategy: saddle_balanced[0m
[97m[INFO ] Selecting reference view using strategy: saddle_balanced[0m
[97m[INFO ] Selecting reference view using strategy: saddle_balanced[0m
[97m[INFO ] Selecting reference view using strategy: saddle_balanced[0m
[97m[INFO ] Selecting reference view using strategy: saddle_balanced[0m
[97m[INFO ] Selecting reference view using strategy: saddle_balanced[0m
[97m[INFO ] Selecting reference view using strategy: saddle_balanced[0m
[97m[INFO ] Selecting reference view using strategy: saddle_balanced[0m
[97m[INFO ] Selecting reference view using strategy: saddle_balanced[0m
[97m[INFO ] Selecting reference view using strategy: saddle_balanced[0m
[97m[INFO ] Selecting reference view using strategy: saddle_balanced[0m
[97m[INFO ] Selecting reference view using strategy: saddle_balanced[0m
[97m[INFO ] Selecting reference view using strategy: saddle_balanced[0m
[97m[INFO ] Selecting reference view using strategy: saddle_balanced[0m
[97m[INFO ] Selecting reference view using strategy: saddle_balanced[0m
[97m[INFO ] Selecting reference view using strategy: saddle_balanced[0m
[97m[INFO ] Selecting reference view using strategy: saddle_balanced[0m
[97m[INFO ] Selecting reference view using strategy: saddle_balanced[0m
[97m[INFO ] Selecting reference view using strategy: saddle_balanced[0m
[97m[INFO ] Selecting reference view using strategy: saddle_balanced[0m
[fovbench]   frame 280/300 (347s)
[97m[INFO ] Selecting reference view using strategy: saddle_balanced[0m
[97m[INFO ] Selecting reference view using strategy: saddle_balanced[0m
[97m[INFO ] Selecting reference view using strategy: saddle_balanced[0m
[97m[INFO ] Selecting reference view using strategy: saddle_balanced[0m
[97m[INFO ] Selecting reference view using strategy: saddle_balanced[0m
[97m[INFO ] Selecting reference view using strategy: saddle_balanced[0m
[97m[INFO ] Selecting reference view using strategy: saddle_balanced[0m
[97m[INFO ] Selecting reference view using strategy: saddle_balanced[0m
[97m[INFO ] Selecting reference view using strategy: saddle_balanced[0m
[97m[INFO ] Selecting reference view using strategy: saddle_balanced[0m
[97m[INFO ] Selecting reference view using strategy: saddle_balanced[0m
[97m[INFO ] Selecting reference view using strategy: saddle_balanced[0m
[97m[INFO ] Selecting reference view using strategy: saddle_balanced[0m
[97m[INFO ] Selecting reference view using strategy: saddle_balanced[0m
[97m[INFO ] Selecting reference view using strategy: saddle_balanced[0m
[97m[INFO ] Selecting reference view using strategy: saddle_balanced[0m
[97m[INFO ] Selecting reference view using strategy: saddle_balanced[0m
[97m[INFO ] Selecting reference view using strategy: saddle_balanced[0m
[97m[INFO ] Selecting reference view using strategy: saddle_balanced[0m
[97m[INFO ] Selecting reference view using strategy: saddle_balanced[0m
[fovbench]   frame 285/300 (353s)
[97m[INFO ] Selecting reference view using strategy: saddle_balanced[0m
[97m[INFO ] Selecting reference view using strategy: saddle_balanced[0m
[97m[INFO ] Selecting reference view using strategy: saddle_balanced[0m
[97m[INFO ] Selecting reference view using strategy: saddle_balanced[0m
[97m[INFO ] Selecting reference view using strategy: saddle_balanced[0m
[97m[INFO ] Selecting reference view using strategy: saddle_balanced[0m
[97m[INFO ] Selecting reference view using strategy: saddle_balanced[0m
[97m[INFO ] Selecting reference view using strategy: saddle_balanced[0m
[97m[INFO ] Selecting reference view using strategy: saddle_balanced[0m
[97m[INFO ] Selecting reference view using strategy: saddle_balanced[0m
[97m[INFO ] Selecting reference view using strategy: saddle_balanced[0m
[97m[INFO ] Selecting reference view using strategy: saddle_balanced[0m
[97m[INFO ] Selecting reference view using strategy: saddle_balanced[0m
[97m[INFO ] Selecting reference view using strategy: saddle_balanced[0m
[97m[INFO ] Selecting reference view using strategy: saddle_balanced[0m
[97m[INFO ] Selecting reference view using strategy: saddle_balanced[0m
[97m[INFO ] Selecting reference view using strategy: saddle_balanced[0m
[97m[INFO ] Selecting reference view using strategy: saddle_balanced[0m
[97m[INFO ] Selecting reference view using strategy: saddle_balanced[0m
[97m[INFO ] Selecting reference view using strategy: saddle_balanced[0m
[fovbench]   frame 290/300 (359s)
[97m[INFO ] Selecting reference view using strategy: saddle_balanced[0m
[97m[INFO ] Selecting reference view using strategy: saddle_balanced[0m
[97m[INFO ] Selecting reference view using strategy: saddle_balanced[0m
[97m[INFO ] Selecting reference view using strategy: saddle_balanced[0m
[97m[INFO ] Selecting reference view using strategy: saddle_balanced[0m
[97m[INFO ] Selecting reference view using strategy: saddle_balanced[0m
[97m[INFO ] Selecting reference view using strategy: saddle_balanced[0m
[97m[INFO ] Selecting reference view using strategy: saddle_balanced[0m
[97m[INFO ] Selecting reference view using strategy: saddle_balanced[0m
[97m[INFO ] Selecting reference view using strategy: saddle_balanced[0m
[97m[INFO ] Selecting reference view using strategy: saddle_balanced[0m
[97m[INFO ] Selecting reference view using strategy: saddle_balanced[0m
[97m[INFO ] Selecting reference view using strategy: saddle_balanced[0m
[97m[INFO ] Selecting reference view using strategy: saddle_balanced[0m
[97m[INFO ] Selecting reference view using strategy: saddle_balanced[0m
[97m[INFO ] Selecting reference view using strategy: saddle_balanced[0m
[97m[INFO ] Selecting reference view using strategy: saddle_balanced[0m
[97m[INFO ] Selecting reference view using strategy: saddle_balanced[0m
[97m[INFO ] Selecting reference view using strategy: saddle_balanced[0m
[97m[INFO ] Selecting reference view using strategy: saddle_balanced[0m
[fovbench]   frame 295/300 (365s)
[97m[INFO ] Selecting reference view using strategy: saddle_balanced[0m
[97m[INFO ] Selecting reference view using strategy: saddle_balanced[0m
[97m[INFO ] Selecting reference view using strategy: saddle_balanced[0m
[97m[INFO ] Selecting reference view using strategy: saddle_balanced[0m
[97m[INFO ] Selecting reference view using strategy: saddle_balanced[0m
[97m[INFO ] Selecting reference view using strategy: saddle_balanced[0m
[97m[INFO ] Selecting reference view using strategy: saddle_balanced[0m
[97m[INFO ] Selecting reference view using strategy: saddle_balanced[0m
[97m[INFO ] Selecting reference view using strategy: saddle_balanced[0m
[97m[INFO ] Selecting reference view using strategy: saddle_balanced[0m
[97m[INFO ] Selecting reference view using strategy: saddle_balanced[0m
[97m[INFO ] Selecting reference view using strategy: saddle_balanced[0m
[97m[INFO ] Selecting reference view using strategy: saddle_balanced[0m
[97m[INFO ] Selecting reference view using strategy: saddle_balanced[0m
[97m[INFO ] Selecting reference view using strategy: saddle_balanced[0m
[97m[INFO ] Selecting reference view using strategy: saddle_balanced[0m
[97m[INFO ] Selecting reference view using strategy: saddle_balanced[0m
[97m[INFO ] Selecting reference view using strategy: saddle_balanced[0m
[97m[INFO ] Selecting reference view using strategy: saddle_balanced[0m
[97m[INFO ] Selecting reference view using strategy: saddle_balanced[0m
[fovbench]   frame 300/300 (371s)
[fovbench]   done in 372s

========================================================================================
  ADT-FOV test · adt-fov-v1 · split 601fcb22767e
========================================================================================
  300 frames over 6 sequence(s): Apartment_release_clean_seq131_M1292, Apartment_release_clean_seq133_M1292, Apartment_release_clean_seq134_M1292, Apartment_release_clean_seq135_M1292, Apartment_release_clean_seq136_M1292, Apartment_release_decoration_seq132_M1292
  streams ['synthetic', 'real'] · views ['rect', 'fisheye'] · protocols ['radial']
  GT valid <= 10.0 m; predictions beyond 100.0 m excluded from the metrics

  PROTOCOL: the scale (and shift) is fitted ONCE per frame, over every valid
  pixel, and then frozen; binning is a masking step applied afterwards. Every
  cell above — AbsRel, delta1, RMSE, and `pen` — obeys that.

  pen    = AbsRel(outermost bin) / AbsRel(innermost)  — how much worse the
           periphery is, in the metric a downstream user reads.
  Absolute AbsRel is comparable only WITHIN an alignment protocol — see the
  MODELS block: models sharing an `align=` may be read against each other,
  one scored differently may not. pen is comparable across all of them,
  being a within-model ratio.

  RADIAL · rect · AbsRel   (deg off-axis)
  --------------------------------------------------------------------------------
  model         stream        0-10   10-20   20-30   30-40   40-50   50-55     pen
  --------------------------------------------------------------------------------
  da3_large     real         0.048   0.049   0.049   0.059   0.070   0.086    1.77
  da3_large     synthetic    0.039   0.041   0.042   0.052   0.060   0.071    1.83
  da3_small     real         0.097   0.111   0.108   0.111   0.123   0.145    1.50
  da3_small     synthetic    0.090   0.096   0.094   0.099   0.109   0.130    1.45
  vggt_1b       real         0.073   0.075   0.074   0.082   0.088   0.113    1.54
  vggt_1b       synthetic    0.060   0.060   0.060   0.067   0.074   0.097    1.61
  vggt_omega    real         0.045   0.045   0.045   0.052   0.057   0.065    1.45
  vggt_omega    synthetic    0.036   0.036   0.037   0.043   0.048   0.056    1.57

  RADIAL · rect · delta1   (deg off-axis)
  --------------------------------------------------------------------------------
  model         stream        0-10   10-20   20-30   30-40   40-50   50-55     pen
  --------------------------------------------------------------------------------
  da3_large     real         0.968   0.968   0.969   0.953   0.938   0.920    1.77
  da3_large     synthetic    0.980   0.975   0.974   0.962   0.953   0.943    1.83
  da3_small     real         0.900   0.883   0.888   0.883   0.852   0.811    1.50
  da3_small     synthetic    0.912   0.903   0.908   0.903   0.880   0.842    1.45
  vggt_1b       real         0.948   0.941   0.945   0.930   0.907   0.842    1.54
  vggt_1b       synthetic    0.963   0.962   0.962   0.951   0.932   0.886    1.61
  vggt_omega    real         0.960   0.960   0.963   0.956   0.953   0.944    1.45
  vggt_omega    synthetic    0.979   0.976   0.975   0.967   0.963   0.958    1.57

  RADIAL · fisheye · AbsRel   (deg off-axis)
  --------------------------------------------------------------------------------
  model         stream        0-10   10-20   20-30   30-40   40-50   50-55     pen
  --------------------------------------------------------------------------------
  da3_large     real         0.072   0.074   0.072   0.082   0.108   0.147    2.05
  da3_large     synthetic    0.068   0.069   0.071   0.083   0.105   0.143    2.11
  da3_small     real         0.109   0.123   0.119   0.120   0.140   0.180    1.65
  da3_small     synthetic    0.107   0.115   0.112   0.118   0.143   0.187    1.74
  vggt_1b       real         0.093   0.095   0.098   0.111   0.135   0.169    1.81
  vggt_1b       synthetic    0.084   0.086   0.091   0.103   0.129   0.161    1.91
  vggt_omega    real         0.061   0.061   0.058   0.062   0.080   0.121    1.97
  vggt_omega    synthetic    0.063   0.062   0.061   0.066   0.083   0.124    1.98

  RADIAL · fisheye · delta1   (deg off-axis)
  --------------------------------------------------------------------------------
  model         stream        0-10   10-20   20-30   30-40   40-50   50-55     pen
  --------------------------------------------------------------------------------
  da3_large     real         0.952   0.952   0.950   0.923   0.890   0.842    2.05
  da3_large     synthetic    0.971   0.964   0.954   0.923   0.893   0.852    2.11
  da3_small     real         0.896   0.873   0.873   0.868   0.836   0.768    1.65
  da3_small     synthetic    0.896   0.882   0.887   0.879   0.838   0.763    1.74
  vggt_1b       real         0.910   0.912   0.911   0.888   0.850   0.798    1.81
  vggt_1b       synthetic    0.937   0.931   0.919   0.892   0.858   0.818    1.91
  vggt_omega    real         0.956   0.958   0.962   0.951   0.933   0.907    1.97
  vggt_omega    synthetic    0.962   0.960   0.961   0.947   0.934   0.896    1.98

  COVERAGE · mean valid samples per incidence bin (radial protocol)
  ----------------------------------------------------------------------------------
  view      stream        px     0-10    10-20    20-30    30-40    40-50    50-55
  fisheye   real         512     4819    15648    29252    46482    66252    35412
  fisheye   real         518     4938    16010    29928    47583    67827    36246
  fisheye   synthetic    512     4819    15648    29252    46482    66252    35412
  fisheye   synthetic    518     4938    16010    29928    47583    67827    36246
  rect      real         512     7735    25228    49995    92338    83857     2873
  rect      real         518     7916    25837    51154    94541    85817     2939
  rect      synthetic    512     7735    25228    49995    92338    83857     2873
  rect      synthetic    518     7916    25837    51154    94541    85817     2939
  A rectified ~85 deg pinhole has no pixels past 42.3 deg off-axis except
  in its corners (52.6 deg at most). Empty outer bins there are geometry,
  not model failure — and are themselves the cost of rectifying.

  RING COVERAGE · how much of each annulus the view images — geometry only
  ----------------------------------------------------------------------------------
  view         px  whole to       0-10    10-20    20-30    30-40    40-50    50-55
  fisheye     512     54.6°       100%     100%     100%     100%     100%      98%
    mean θ                         6.7     15.6     25.4     35.3     45.2     52.4
  fisheye     518     54.6°       100%     100%     100%     100%     100%      98%
    mean θ                         6.7     15.6     25.4     35.3     45.2     52.4
  rect        512     42.2°       100%     100%     100%     100%      55%       3%
    mean θ                         6.7     15.7     25.5     35.5     43.8     50.7
  rect        518     42.2°       100%     100%     100%     100%      55%       3%
    mean θ                         6.7     15.7     25.5     35.5     43.8     50.7
  `whole to` is the last angle at which EVERY azimuth is imaged. Past it a
  bin is corner wedges, not a ring, so a `pen` spanning it is not the same
  measurement in both views — compare the two only where both read 100%.

  BIN DEPTH · median GT depth per incidence bin (m) — a confound, not a score
  ----------------------------------------------------------------------------------
  view      stream              px     0-10    10-20    20-30    30-40    40-50    50-55
  fisheye   real+synthetic     512     2.96     2.79     2.59     2.29     1.93     1.65
  fisheye   real+synthetic     518     2.96     2.79     2.59     2.29     1.93     1.65
  rect      real+synthetic     512     2.96     2.79     2.58     2.28     1.98     2.00
  rect      real+synthetic     518     2.96     2.79     2.58     2.28     1.98     2.01
  Read the AbsRel tables against this row: a bin that is both farther and
  worse has not yet been shown to be worse *because of* where it sits.

  JOINT · AbsRel by incidence angle x GT depth — the depth-controlled read
  ----------------------------------------------------------------------------------

  da3_large · fisheye · real
    depth (m)     0-10    10-20    20-30    30-40    40-50    50-55
         5-10    0.074    0.071    0.069    0.080    0.111    0.173
          3-5    0.056    0.060    0.052    0.048    0.060    0.099
          2-3    0.068    0.063    0.058    0.060    0.078    0.117
          1-2    0.094    0.088    0.079    0.076    0.089    0.123
          0-1    0.096    0.111    0.115    0.152    0.201    0.229

  da3_large · fisheye · synthetic
    depth (m)     0-10    10-20    20-30    30-40    40-50    50-55
         5-10    0.062    0.070    0.072    0.075    0.081    0.125
          3-5    0.053    0.056    0.052    0.049    0.058    0.086
          2-3    0.065    0.063    0.057    0.060    0.078    0.119
          1-2    0.089    0.079    0.074    0.070    0.080    0.118
          0-1    0.094    0.096    0.119    0.169    0.211    0.232

  da3_large · rect · real
    depth (m)     0-10    10-20    20-30    30-40    40-50    50-55
         5-10    0.054    0.045    0.043    0.055    0.087    0.130
          3-5    0.037    0.040    0.036    0.036    0.038    0.043
          2-3    0.042    0.040    0.037    0.040    0.042    0.043
          1-2    0.066    0.058    0.051    0.052    0.055    0.060
          0-1    0.068    0.081    0.088    0.119    0.135    0.170

  da3_large · rect · synthetic
    depth (m)     0-10    10-20    20-30    30-40    40-50    50-55
         5-10    0.040    0.039    0.039    0.042    0.048    0.058
          3-5    0.031    0.035    0.033    0.033    0.033    0.032
          2-3    0.032    0.034    0.033    0.036    0.041    0.040
          1-2    0.055    0.047    0.043    0.042    0.043    0.046
          0-1    0.051    0.061    0.070    0.109    0.127    0.151

  da3_small · fisheye · real
    depth (m)     0-10    10-20    20-30    30-40    40-50    50-55
         5-10    0.099    0.090    0.092    0.098    0.129    0.207
          3-5    0.072    0.075    0.068    0.066    0.078    0.112
          2-3    0.078    0.077    0.067    0.069    0.086    0.123
          1-2    0.174    0.167    0.120    0.100    0.111    0.142
          0-1    0.239    0.311    0.298    0.271    0.285    0.313

  da3_small · fisheye · synthetic
    depth (m)     0-10    10-20    20-30    30-40    40-50    50-55
         5-10    0.110    0.094    0.092    0.099    0.126    0.231
          3-5    0.074    0.081    0.076    0.072    0.084    0.125
          2-3    0.073    0.073    0.068    0.072    0.091    0.120
          1-2    0.165    0.146    0.111    0.096    0.106    0.134
          0-1    0.233    0.267    0.252    0.259    0.297    0.338

  da3_small · rect · real
    depth (m)     0-10    10-20    20-30    30-40    40-50    50-55
         5-10    0.093    0.074    0.070    0.086    0.126    0.190
          3-5    0.067    0.066    0.061    0.058    0.065    0.079
          2-3    0.059    0.063    0.060    0.066    0.069    0.075
          1-2    0.151    0.146    0.098    0.085    0.094    0.114
          0-1    0.240    0.310    0.294    0.266    0.256    0.267

  da3_small · rect · synthetic
    depth (m)     0-10    10-20    20-30    30-40    40-50    50-55
         5-10    0.097    0.079    0.072    0.081    0.109    0.161
          3-5    0.062    0.065    0.062    0.058    0.062    0.071
          2-3    0.060    0.060    0.058    0.064    0.070    0.079
          1-2    0.135    0.117    0.085    0.076    0.084    0.098
          0-1    0.199    0.237    0.227    0.220    0.217    0.239

  vggt_1b · fisheye · real
    depth (m)     0-10    10-20    20-30    30-40    40-50    50-55
         5-10    0.115    0.116    0.117    0.145    0.180    0.214
          3-5    0.088    0.087    0.078    0.073    0.088    0.128
          2-3    0.090    0.086    0.083    0.087    0.101    0.126
          1-2    0.091    0.080    0.079    0.083    0.101    0.137
          0-1    0.112    0.144    0.168    0.209    0.245    0.263

  vggt_1b · fisheye · synthetic
    depth (m)     0-10    10-20    20-30    30-40    40-50    50-55
         5-10    0.099    0.095    0.104    0.122    0.157    0.199
          3-5    0.081    0.080    0.071    0.066    0.078    0.111
          2-3    0.082    0.081    0.079    0.081    0.091    0.116
          1-2    0.076    0.076    0.082    0.083    0.098    0.129
          0-1    0.114    0.123    0.144    0.192    0.244    0.260

  vggt_1b · rect · real
    depth (m)     0-10    10-20    20-30    30-40    40-50    50-55
         5-10    0.093    0.094    0.090    0.103    0.141    0.204
          3-5    0.069    0.066    0.059    0.056    0.058    0.071
          2-3    0.067    0.064    0.061    0.061    0.060    0.064
          1-2    0.076    0.070    0.064    0.063    0.064    0.086
          0-1    0.090    0.116    0.124    0.153    0.161    0.196

  vggt_1b · rect · synthetic
    depth (m)     0-10    10-20    20-30    30-40    40-50    50-55
         5-10    0.071    0.073    0.076    0.080    0.097    0.142
          3-5    0.060    0.058    0.050    0.047    0.047    0.059
          2-3    0.053    0.054    0.052    0.052    0.052    0.054
          1-2    0.061    0.054    0.056    0.051    0.052    0.072
          0-1    0.073    0.075    0.084    0.122    0.142    0.179

  vggt_omega · fisheye · real
    depth (m)     0-10    10-20    20-30    30-40    40-50    50-55
         5-10    0.071    0.070    0.066    0.066    0.078    0.123
          3-5    0.056    0.056    0.047    0.042    0.052    0.090
          2-3    0.059    0.056    0.050    0.047    0.060    0.096
          1-2    0.067    0.061    0.054    0.053    0.068    0.109
          0-1    0.064    0.080    0.089    0.110    0.140    0.174

  vggt_omega · fisheye · synthetic
    depth (m)     0-10    10-20    20-30    30-40    40-50    50-55
         5-10    0.068    0.066    0.067    0.068    0.079    0.126
          3-5    0.059    0.060    0.051    0.046    0.054    0.095
          2-3    0.061    0.057    0.052    0.051    0.065    0.100
          1-2    0.064    0.059    0.059    0.056    0.068    0.110
          0-1    0.079    0.083    0.091    0.118    0.147    0.177

  vggt_omega · rect · real
    depth (m)     0-10    10-20    20-30    30-40    40-50    50-55
         5-10    0.055    0.046    0.042    0.044    0.053    0.074
          3-5    0.040    0.040    0.032    0.029    0.028    0.028
          2-3    0.040    0.038    0.034    0.030    0.028    0.024
          1-2    0.046    0.042    0.039    0.040    0.039    0.041
          0-1    0.072    0.082    0.092    0.123    0.132    0.146

  vggt_omega · rect · synthetic
    depth (m)     0-10    10-20    20-30    30-40    40-50    50-55
         5-10    0.042    0.036    0.036    0.040    0.045    0.057
          3-5    0.032    0.034    0.030    0.029    0.028    0.029
          2-3    0.032    0.031    0.029    0.029    0.031    0.026
          1-2    0.040    0.035    0.036    0.034    0.034    0.036
          0-1    0.047    0.054    0.062    0.090    0.101    0.119

  Columns are incidence angle in degrees; each cell is pooled over every
  frame's pixels in that band, off the same per-frame fit as every other table.

  MODELS
  ------------------------------------------------------------
  da3_large     Depth-Anything-3 Large · 411M · align=scale_shift · views at 518px
  da3_small     Depth-Anything-3 Small · 34M · align=scale_shift · views at 518px
  vggt_1b       VGGT 1B · 1191M · align=scale_shift · views at 518px
  vggt_omega    VGGT-Omega 1B/512 · 1144M · align=scale_shift · views at 512px


[fovbench] wrote /group-volume/Fengjia/projects/vggt-omega-024/eval_out/fovbench-joint/partB_6seq_3s/results.json (+ csv, report.txt, figures/)
