Warning: You are sending unauthenticated requests to the HF Hub. Please set a HF_TOKEN to enable higher rate limits and faster downloads.
  [slambench] aea: 8 of 143 takes, 251 clips
  [slambench] nymeria: 8 of 254 takes, 256 clips
  [slambench] split 61195914f090: 400 frames over 16 take(s) of 2 dataset(s)
[slambench] ══ vggt_omega ══
[slambench]   VGGT-Omega 1B/512 | 1144M | align=scale_shift | frames at 512px
[slambench]   clip 5/374 (20s)
[slambench]   clip 10/374 (31s)
[slambench]   clip 15/374 (42s)
[slambench]   clip 20/374 (54s)
[slambench]   clip 25/374 (65s)
[slambench]   clip 30/374 (76s)
[slambench]   clip 35/374 (88s)
[slambench]   clip 40/374 (99s)
[slambench]   clip 45/374 (111s)
[slambench]   clip 50/374 (122s)
[slambench]   clip 55/374 (139s)
[slambench]   clip 60/374 (155s)
[slambench]   clip 65/374 (170s)
[slambench]   clip 70/374 (185s)
[slambench]   clip 75/374 (197s)
[slambench]   clip 80/374 (208s)
[slambench]   clip 85/374 (220s)
[slambench]   clip 90/374 (233s)
[slambench]   clip 95/374 (244s)
[slambench]   clip 100/374 (256s)
[slambench]   clip 105/374 (267s)
[slambench]   clip 110/374 (279s)
[slambench]   clip 115/374 (290s)
[slambench]   clip 120/374 (308s)
[slambench]   clip 125/374 (323s)
[slambench]   clip 130/374 (338s)
[slambench]   clip 135/374 (355s)
[slambench]   clip 140/374 (370s)
[slambench]   clip 145/374 (386s)
[slambench]   clip 150/374 (401s)
[slambench]   clip 155/374 (413s)
[slambench]   clip 160/374 (424s)
[slambench]   clip 165/374 (436s)
[slambench]   clip 170/374 (447s)
[slambench]   clip 175/374 (459s)
[slambench]   clip 180/374 (470s)
[slambench]   clip 185/374 (481s)
[slambench]   clip 190/374 (493s)
[slambench]   clip 195/374 (504s)
[slambench]   clip 200/374 (515s)
[slambench]   clip 205/374 (527s)
[slambench]   clip 210/374 (538s)
[slambench]   clip 215/374 (549s)
[slambench]   clip 220/374 (561s)
[slambench]   clip 225/374 (572s)
[slambench]   clip 230/374 (583s)
[slambench]   clip 235/374 (594s)
[slambench]   clip 240/374 (606s)
[slambench]   clip 245/374 (617s)
[slambench]   clip 250/374 (628s)
[slambench]   clip 255/374 (640s)
[slambench]   clip 260/374 (651s)
[slambench]   clip 265/374 (663s)
[slambench]   clip 270/374 (674s)
[slambench]   clip 275/374 (685s)
[slambench]   clip 280/374 (697s)
[slambench]   clip 285/374 (708s)
[slambench]   clip 290/374 (719s)
[slambench]   clip 295/374 (731s)
[slambench]   clip 300/374 (742s)
[slambench]   clip 305/374 (753s)
[slambench]   clip 310/374 (765s)
[slambench]   clip 315/374 (776s)
[slambench]   clip 320/374 (787s)
[slambench]   clip 325/374 (798s)
[slambench]   clip 330/374 (810s)
[slambench]   clip 335/374 (821s)
[slambench]   clip 340/374 (833s)
[slambench]   clip 345/374 (844s)
[slambench]   clip 350/374 (855s)
[slambench]   clip 355/374 (867s)
[slambench]   clip 360/374 (878s)
[slambench]   clip 365/374 (890s)
[slambench]   clip 370/374 (901s)
[slambench]   done in 910s
[slambench] ══ da3_large ══
[93m[WARN ] Dependency `gsplat` is required for rendering 3DGS. Install via: pip install git+https://github.com/nerfstudio-project/gsplat.git@0b4dddf04cb687367602c01196913cde6a743d70[0m
[97m[INFO ] using MLP layer as FFN[0m
[slambench]   Depth-Anything-3 Large | 411M | align=scale_shift | frames at 518px
[97m[INFO ] Selecting reference view using strategy: saddle_balanced[0m
[97m[INFO ] Selecting reference view using strategy: saddle_balanced[0m
[97m[INFO ] Selecting reference view using strategy: saddle_balanced[0m
[97m[INFO ] Selecting reference view using strategy: saddle_balanced[0m
[97m[INFO ] Selecting reference view using strategy: saddle_balanced[0m
[97m[INFO ] Selecting reference view using strategy: saddle_balanced[0m
[97m[INFO ] Selecting reference view using strategy: saddle_balanced[0m
[97m[INFO ] Selecting reference view using strategy: saddle_balanced[0m
[97m[INFO ] Selecting reference view using strategy: saddle_balanced[0m
[97m[INFO ] Selecting reference view using strategy: saddle_balanced[0m
[97m[INFO ] Selecting reference view using strategy: saddle_balanced[0m
[97m[INFO ] Selecting reference view using strategy: saddle_balanced[0m
[97m[INFO ] Selecting reference view using strategy: saddle_balanced[0m
[97m[INFO ] Selecting reference view using strategy: saddle_balanced[0m
[97m[INFO ] Selecting reference view using strategy: saddle_balanced[0m
[97m[INFO ] Selecting reference view using strategy: saddle_balanced[0m
[97m[INFO ] Selecting reference view using strategy: saddle_balanced[0m
[97m[INFO ] Selecting reference view using strategy: saddle_balanced[0m
[97m[INFO ] Selecting reference view using strategy: saddle_balanced[0m
[97m[INFO ] Selecting reference view using strategy: saddle_balanced[0m
[97m[INFO ] Selecting reference view using strategy: saddle_balanced[0m
[97m[INFO ] Selecting reference view using strategy: saddle_balanced[0m
[97m[INFO ] Selecting reference view using strategy: saddle_balanced[0m
[97m[INFO ] Selecting reference view using strategy: saddle_balanced[0m
[97m[INFO ] Selecting reference view using strategy: saddle_balanced[0m
[97m[INFO ] Selecting reference view using strategy: saddle_balanced[0m
[97m[INFO ] Selecting reference view using strategy: saddle_balanced[0m
[97m[INFO ] Selecting reference view using strategy: saddle_balanced[0m
[97m[INFO ] Selecting reference view using strategy: saddle_balanced[0m
[97m[INFO ] Selecting reference view using strategy: saddle_balanced[0m
[slambench]   clip 5/374 (16s)
[97m[INFO ] Selecting reference view using strategy: saddle_balanced[0m
[97m[INFO ] Selecting reference view using strategy: saddle_balanced[0m
[97m[INFO ] Selecting reference view using strategy: saddle_balanced[0m
[97m[INFO ] Selecting reference view using strategy: saddle_balanced[0m
[97m[INFO ] Selecting reference view using strategy: saddle_balanced[0m
[97m[INFO ] Selecting reference view using strategy: saddle_balanced[0m
[97m[INFO ] Selecting reference view using strategy: saddle_balanced[0m
[97m[INFO ] Selecting reference view using strategy: saddle_balanced[0m
[97m[INFO ] Selecting reference view using strategy: saddle_balanced[0m
[97m[INFO ] Selecting reference view using strategy: saddle_balanced[0m
[97m[INFO ] Selecting reference view using strategy: saddle_balanced[0m
[97m[INFO ] Selecting reference view using strategy: saddle_balanced[0m
[97m[INFO ] Selecting reference view using strategy: saddle_balanced[0m
[97m[INFO ] Selecting reference view using strategy: saddle_balanced[0m
[97m[INFO ] Selecting reference view using strategy: saddle_balanced[0m
[97m[INFO ] Selecting reference view using strategy: saddle_balanced[0m
[97m[INFO ] Selecting reference view using strategy: saddle_balanced[0m
[97m[INFO ] Selecting reference view using strategy: saddle_balanced[0m
[97m[INFO ] Selecting reference view using strategy: saddle_balanced[0m
[97m[INFO ] Selecting reference view using strategy: saddle_balanced[0m
[97m[INFO ] Selecting reference view using strategy: saddle_balanced[0m
[97m[INFO ] Selecting reference view using strategy: saddle_balanced[0m
[97m[INFO ] Selecting reference view using strategy: saddle_balanced[0m
[97m[INFO ] Selecting reference view using strategy: saddle_balanced[0m
[97m[INFO ] Selecting reference view using strategy: saddle_balanced[0m
[97m[INFO ] Selecting reference view using strategy: saddle_balanced[0m
[97m[INFO ] Selecting reference view using strategy: saddle_balanced[0m
[97m[INFO ] Selecting reference view using strategy: saddle_balanced[0m
[97m[INFO ] Selecting reference view using strategy: saddle_balanced[0m
[97m[INFO ] Selecting reference view using strategy: saddle_balanced[0m
[slambench]   clip 10/374 (27s)
[97m[INFO ] Selecting reference view using strategy: saddle_balanced[0m
[97m[INFO ] Selecting reference view using strategy: saddle_balanced[0m
[97m[INFO ] Selecting reference view using strategy: saddle_balanced[0m
[97m[INFO ] Selecting reference view using strategy: saddle_balanced[0m
[97m[INFO ] Selecting reference view using strategy: saddle_balanced[0m
[97m[INFO ] Selecting reference view using strategy: saddle_balanced[0m
[97m[INFO ] Selecting reference view using strategy: saddle_balanced[0m
[97m[INFO ] Selecting reference view using strategy: saddle_balanced[0m
[97m[INFO ] Selecting reference view using strategy: saddle_balanced[0m
[97m[INFO ] Selecting reference view using strategy: saddle_balanced[0m
[97m[INFO ] Selecting reference view using strategy: saddle_balanced[0m
[97m[INFO ] Selecting reference view using strategy: saddle_balanced[0m
[97m[INFO ] Selecting reference view using strategy: saddle_balanced[0m
[97m[INFO ] Selecting reference view using strategy: saddle_balanced[0m
[97m[INFO ] Selecting reference view using strategy: saddle_balanced[0m
[97m[INFO ] Selecting reference view using strategy: saddle_balanced[0m
[97m[INFO ] Selecting reference view using strategy: saddle_balanced[0m
[97m[INFO ] Selecting reference view using strategy: saddle_balanced[0m
[97m[INFO ] Selecting reference view using strategy: saddle_balanced[0m
[97m[INFO ] Selecting reference view using strategy: saddle_balanced[0m
[97m[INFO ] Selecting reference view using strategy: saddle_balanced[0m
[97m[INFO ] Selecting reference view using strategy: saddle_balanced[0m
[97m[INFO ] Selecting reference view using strategy: saddle_balanced[0m
[97m[INFO ] Selecting reference view using strategy: saddle_balanced[0m
[97m[INFO ] Selecting reference view using strategy: saddle_balanced[0m
[97m[INFO ] Selecting reference view using strategy: saddle_balanced[0m
[97m[INFO ] Selecting reference view using strategy: saddle_balanced[0m
[97m[INFO ] Selecting reference view using strategy: saddle_balanced[0m
[97m[INFO ] Selecting reference view using strategy: saddle_balanced[0m
[97m[INFO ] Selecting reference view using strategy: saddle_balanced[0m
[slambench]   clip 15/374 (38s)
[97m[INFO ] Selecting reference view using strategy: saddle_balanced[0m
[97m[INFO ] Selecting reference view using strategy: saddle_balanced[0m
[97m[INFO ] Selecting reference view using strategy: saddle_balanced[0m
[97m[INFO ] Selecting reference view using strategy: saddle_balanced[0m
[97m[INFO ] Selecting reference view using strategy: saddle_balanced[0m
[97m[INFO ] Selecting reference view using strategy: saddle_balanced[0m
[97m[INFO ] Selecting reference view using strategy: saddle_balanced[0m
[97m[INFO ] Selecting reference view using strategy: saddle_balanced[0m
[97m[INFO ] Selecting reference view using strategy: saddle_balanced[0m
[97m[INFO ] Selecting reference view using strategy: saddle_balanced[0m
[97m[INFO ] Selecting reference view using strategy: saddle_balanced[0m
[97m[INFO ] Selecting reference view using strategy: saddle_balanced[0m
[97m[INFO ] Selecting reference view using strategy: saddle_balanced[0m
[97m[INFO ] Selecting reference view using strategy: saddle_balanced[0m
[97m[INFO ] Selecting reference view using strategy: saddle_balanced[0m
[97m[INFO ] Selecting reference view using strategy: saddle_balanced[0m
[97m[INFO ] Selecting reference view using strategy: saddle_balanced[0m
[97m[INFO ] Selecting reference view using strategy: saddle_balanced[0m
[97m[INFO ] Selecting reference view using strategy: saddle_balanced[0m
[97m[INFO ] Selecting reference view using strategy: saddle_balanced[0m
[97m[INFO ] Selecting reference view using strategy: saddle_balanced[0m
[97m[INFO ] Selecting reference view using strategy: saddle_balanced[0m
[97m[INFO ] Selecting reference view using strategy: saddle_balanced[0m
[97m[INFO ] Selecting reference view using strategy: saddle_balanced[0m
[97m[INFO ] Selecting reference view using strategy: saddle_balanced[0m
[97m[INFO ] Selecting reference view using strategy: saddle_balanced[0m
[97m[INFO ] Selecting reference view using strategy: saddle_balanced[0m
[97m[INFO ] Selecting reference view using strategy: saddle_balanced[0m
[97m[INFO ] Selecting reference view using strategy: saddle_balanced[0m
[97m[INFO ] Selecting reference view using strategy: saddle_balanced[0m
[slambench]   clip 20/374 (49s)
[97m[INFO ] Selecting reference view using strategy: saddle_balanced[0m
[97m[INFO ] Selecting reference view using strategy: saddle_balanced[0m
[97m[INFO ] Selecting reference view using strategy: saddle_balanced[0m
[97m[INFO ] Selecting reference view using strategy: saddle_balanced[0m
[97m[INFO ] Selecting reference view using strategy: saddle_balanced[0m
[97m[INFO ] Selecting reference view using strategy: saddle_balanced[0m
[97m[INFO ] Selecting reference view using strategy: saddle_balanced[0m
[97m[INFO ] Selecting reference view using strategy: saddle_balanced[0m
[97m[INFO ] Selecting reference view using strategy: saddle_balanced[0m
[97m[INFO ] Selecting reference view using strategy: saddle_balanced[0m
[97m[INFO ] Selecting reference view using strategy: saddle_balanced[0m
[97m[INFO ] Selecting reference view using strategy: saddle_balanced[0m
[97m[INFO ] Selecting reference view using strategy: saddle_balanced[0m
[97m[INFO ] Selecting reference view using strategy: saddle_balanced[0m
[97m[INFO ] Selecting reference view using strategy: saddle_balanced[0m
[97m[INFO ] Selecting reference view using strategy: saddle_balanced[0m
[97m[INFO ] Selecting reference view using strategy: saddle_balanced[0m
[97m[INFO ] Selecting reference view using strategy: saddle_balanced[0m
[97m[INFO ] Selecting reference view using strategy: saddle_balanced[0m
[97m[INFO ] Selecting reference view using strategy: saddle_balanced[0m
[97m[INFO ] Selecting reference view using strategy: saddle_balanced[0m
[97m[INFO ] Selecting reference view using strategy: saddle_balanced[0m
[97m[INFO ] Selecting reference view using strategy: saddle_balanced[0m
[97m[INFO ] Selecting reference view using strategy: saddle_balanced[0m
[97m[INFO ] Selecting reference view using strategy: saddle_balanced[0m
[97m[INFO ] Selecting reference view using strategy: saddle_balanced[0m
[97m[INFO ] Selecting reference view using strategy: saddle_balanced[0m
[97m[INFO ] Selecting reference view using strategy: saddle_balanced[0m
[97m[INFO ] Selecting reference view using strategy: saddle_balanced[0m
[97m[INFO ] Selecting reference view using strategy: saddle_balanced[0m
[slambench]   clip 25/374 (61s)
[97m[INFO ] Selecting reference view using strategy: saddle_balanced[0m
[97m[INFO ] Selecting reference view using strategy: saddle_balanced[0m
[97m[INFO ] Selecting reference view using strategy: saddle_balanced[0m
[97m[INFO ] Selecting reference view using strategy: saddle_balanced[0m
[97m[INFO ] Selecting reference view using strategy: saddle_balanced[0m
[97m[INFO ] Selecting reference view using strategy: saddle_balanced[0m
[97m[INFO ] Selecting reference view using strategy: saddle_balanced[0m
[97m[INFO ] Selecting reference view using strategy: saddle_balanced[0m
[97m[INFO ] Selecting reference view using strategy: saddle_balanced[0m
[97m[INFO ] Selecting reference view using strategy: saddle_balanced[0m
[97m[INFO ] Selecting reference view using strategy: saddle_balanced[0m
[97m[INFO ] Selecting reference view using strategy: saddle_balanced[0m
[97m[INFO ] Selecting reference view using strategy: saddle_balanced[0m
[97m[INFO ] Selecting reference view using strategy: saddle_balanced[0m
[97m[INFO ] Selecting reference view using strategy: saddle_balanced[0m
[97m[INFO ] Selecting reference view using strategy: saddle_balanced[0m
[97m[INFO ] Selecting reference view using strategy: saddle_balanced[0m
[97m[INFO ] Selecting reference view using strategy: saddle_balanced[0m
[97m[INFO ] Selecting reference view using strategy: saddle_balanced[0m
[97m[INFO ] Selecting reference view using strategy: saddle_balanced[0m
[97m[INFO ] Selecting reference view using strategy: saddle_balanced[0m
[97m[INFO ] Selecting reference view using strategy: saddle_balanced[0m
[97m[INFO ] Selecting reference view using strategy: saddle_balanced[0m
[97m[INFO ] Selecting reference view using strategy: saddle_balanced[0m
[97m[INFO ] Selecting reference view using strategy: saddle_balanced[0m
[97m[INFO ] Selecting reference view using strategy: saddle_balanced[0m
[97m[INFO ] Selecting reference view using strategy: saddle_balanced[0m
[97m[INFO ] Selecting reference view using strategy: saddle_balanced[0m
[97m[INFO ] Selecting reference view using strategy: saddle_balanced[0m
[97m[INFO ] Selecting reference view using strategy: saddle_balanced[0m
[slambench]   clip 30/374 (72s)
[97m[INFO ] Selecting reference view using strategy: saddle_balanced[0m
[97m[INFO ] Selecting reference view using strategy: saddle_balanced[0m
[97m[INFO ] Selecting reference view using strategy: saddle_balanced[0m
[97m[INFO ] Selecting reference view using strategy: saddle_balanced[0m
[97m[INFO ] Selecting reference view using strategy: saddle_balanced[0m
[97m[INFO ] Selecting reference view using strategy: saddle_balanced[0m
[97m[INFO ] Selecting reference view using strategy: saddle_balanced[0m
[97m[INFO ] Selecting reference view using strategy: saddle_balanced[0m
[97m[INFO ] Selecting reference view using strategy: saddle_balanced[0m
[97m[INFO ] Selecting reference view using strategy: saddle_balanced[0m
[97m[INFO ] Selecting reference view using strategy: saddle_balanced[0m
[97m[INFO ] Selecting reference view using strategy: saddle_balanced[0m
[97m[INFO ] Selecting reference view using strategy: saddle_balanced[0m
[97m[INFO ] Selecting reference view using strategy: saddle_balanced[0m
[97m[INFO ] Selecting reference view using strategy: saddle_balanced[0m
[97m[INFO ] Selecting reference view using strategy: saddle_balanced[0m
[97m[INFO ] Selecting reference view using strategy: saddle_balanced[0m
[97m[INFO ] Selecting reference view using strategy: saddle_balanced[0m
[97m[INFO ] Selecting reference view using strategy: saddle_balanced[0m
[97m[INFO ] Selecting reference view using strategy: saddle_balanced[0m
[97m[INFO ] Selecting reference view using strategy: saddle_balanced[0m
[97m[INFO ] Selecting reference view using strategy: saddle_balanced[0m
[97m[INFO ] Selecting reference view using strategy: saddle_balanced[0m
[97m[INFO ] Selecting reference view using strategy: saddle_balanced[0m
[97m[INFO ] Selecting reference view using strategy: saddle_balanced[0m
[97m[INFO ] Selecting reference view using strategy: saddle_balanced[0m
[97m[INFO ] Selecting reference view using strategy: saddle_balanced[0m
[97m[INFO ] Selecting reference view using strategy: saddle_balanced[0m
[97m[INFO ] Selecting reference view using strategy: saddle_balanced[0m
[97m[INFO ] Selecting reference view using strategy: saddle_balanced[0m
[slambench]   clip 35/374 (83s)
[97m[INFO ] Selecting reference view using strategy: saddle_balanced[0m
[97m[INFO ] Selecting reference view using strategy: saddle_balanced[0m
[97m[INFO ] Selecting reference view using strategy: saddle_balanced[0m
[97m[INFO ] Selecting reference view using strategy: saddle_balanced[0m
[97m[INFO ] Selecting reference view using strategy: saddle_balanced[0m
[97m[INFO ] Selecting reference view using strategy: saddle_balanced[0m
[97m[INFO ] Selecting reference view using strategy: saddle_balanced[0m
[97m[INFO ] Selecting reference view using strategy: saddle_balanced[0m
[97m[INFO ] Selecting reference view using strategy: saddle_balanced[0m
[97m[INFO ] Selecting reference view using strategy: saddle_balanced[0m
[97m[INFO ] Selecting reference view using strategy: saddle_balanced[0m
[97m[INFO ] Selecting reference view using strategy: saddle_balanced[0m
[97m[INFO ] Selecting reference view using strategy: saddle_balanced[0m
[97m[INFO ] Selecting reference view using strategy: saddle_balanced[0m
[97m[INFO ] Selecting reference view using strategy: saddle_balanced[0m
[97m[INFO ] Selecting reference view using strategy: saddle_balanced[0m
[97m[INFO ] Selecting reference view using strategy: saddle_balanced[0m
[97m[INFO ] Selecting reference view using strategy: saddle_balanced[0m
[97m[INFO ] Selecting reference view using strategy: saddle_balanced[0m
[97m[INFO ] Selecting reference view using strategy: saddle_balanced[0m
[97m[INFO ] Selecting reference view using strategy: saddle_balanced[0m
[97m[INFO ] Selecting reference view using strategy: saddle_balanced[0m
[97m[INFO ] Selecting reference view using strategy: saddle_balanced[0m
[97m[INFO ] Selecting reference view using strategy: saddle_balanced[0m
[97m[INFO ] Selecting reference view using strategy: saddle_balanced[0m
[97m[INFO ] Selecting reference view using strategy: saddle_balanced[0m
[97m[INFO ] Selecting reference view using strategy: saddle_balanced[0m
[97m[INFO ] Selecting reference view using strategy: saddle_balanced[0m
[97m[INFO ] Selecting reference view using strategy: saddle_balanced[0m
[97m[INFO ] Selecting reference view using strategy: saddle_balanced[0m
[slambench]   clip 40/374 (94s)
[97m[INFO ] Selecting reference view using strategy: saddle_balanced[0m
[97m[INFO ] Selecting reference view using strategy: saddle_balanced[0m
[97m[INFO ] Selecting reference view using strategy: saddle_balanced[0m
[97m[INFO ] Selecting reference view using strategy: saddle_balanced[0m
[97m[INFO ] Selecting reference view using strategy: saddle_balanced[0m
[97m[INFO ] Selecting reference view using strategy: saddle_balanced[0m
[97m[INFO ] Selecting reference view using strategy: saddle_balanced[0m
[97m[INFO ] Selecting reference view using strategy: saddle_balanced[0m
[97m[INFO ] Selecting reference view using strategy: saddle_balanced[0m
[97m[INFO ] Selecting reference view using strategy: saddle_balanced[0m
[97m[INFO ] Selecting reference view using strategy: saddle_balanced[0m
[97m[INFO ] Selecting reference view using strategy: saddle_balanced[0m
[97m[INFO ] Selecting reference view using strategy: saddle_balanced[0m
[97m[INFO ] Selecting reference view using strategy: saddle_balanced[0m
[97m[INFO ] Selecting reference view using strategy: saddle_balanced[0m
[97m[INFO ] Selecting reference view using strategy: saddle_balanced[0m
[97m[INFO ] Selecting reference view using strategy: saddle_balanced[0m
[97m[INFO ] Selecting reference view using strategy: saddle_balanced[0m
[97m[INFO ] Selecting reference view using strategy: saddle_balanced[0m
[97m[INFO ] Selecting reference view using strategy: saddle_balanced[0m
[97m[INFO ] Selecting reference view using strategy: saddle_balanced[0m
[97m[INFO ] Selecting reference view using strategy: saddle_balanced[0m
[97m[INFO ] Selecting reference view using strategy: saddle_balanced[0m
[97m[INFO ] Selecting reference view using strategy: saddle_balanced[0m
[97m[INFO ] Selecting reference view using strategy: saddle_balanced[0m
[97m[INFO ] Selecting reference view using strategy: saddle_balanced[0m
[97m[INFO ] Selecting reference view using strategy: saddle_balanced[0m
[97m[INFO ] Selecting reference view using strategy: saddle_balanced[0m
[97m[INFO ] Selecting reference view using strategy: saddle_balanced[0m
[97m[INFO ] Selecting reference view using strategy: saddle_balanced[0m
[slambench]   clip 45/374 (106s)
[97m[INFO ] Selecting reference view using strategy: saddle_balanced[0m
[97m[INFO ] Selecting reference view using strategy: saddle_balanced[0m
[97m[INFO ] Selecting reference view using strategy: saddle_balanced[0m
[97m[INFO ] Selecting reference view using strategy: saddle_balanced[0m
[97m[INFO ] Selecting reference view using strategy: saddle_balanced[0m
[97m[INFO ] Selecting reference view using strategy: saddle_balanced[0m
[97m[INFO ] Selecting reference view using strategy: saddle_balanced[0m
[97m[INFO ] Selecting reference view using strategy: saddle_balanced[0m
[97m[INFO ] Selecting reference view using strategy: saddle_balanced[0m
[97m[INFO ] Selecting reference view using strategy: saddle_balanced[0m
[97m[INFO ] Selecting reference view using strategy: saddle_balanced[0m
[97m[INFO ] Selecting reference view using strategy: saddle_balanced[0m
[97m[INFO ] Selecting reference view using strategy: saddle_balanced[0m
[97m[INFO ] Selecting reference view using strategy: saddle_balanced[0m
[97m[INFO ] Selecting reference view using strategy: saddle_balanced[0m
[97m[INFO ] Selecting reference view using strategy: saddle_balanced[0m
[97m[INFO ] Selecting reference view using strategy: saddle_balanced[0m
[97m[INFO ] Selecting reference view using strategy: saddle_balanced[0m
[97m[INFO ] Selecting reference view using strategy: saddle_balanced[0m
[97m[INFO ] Selecting reference view using strategy: saddle_balanced[0m
[97m[INFO ] Selecting reference view using strategy: saddle_balanced[0m
[97m[INFO ] Selecting reference view using strategy: saddle_balanced[0m
[97m[INFO ] Selecting reference view using strategy: saddle_balanced[0m
[97m[INFO ] Selecting reference view using strategy: saddle_balanced[0m
[97m[INFO ] Selecting reference view using strategy: saddle_balanced[0m
[97m[INFO ] Selecting reference view using strategy: saddle_balanced[0m
[97m[INFO ] Selecting reference view using strategy: saddle_balanced[0m
[97m[INFO ] Selecting reference view using strategy: saddle_balanced[0m
[97m[INFO ] Selecting reference view using strategy: saddle_balanced[0m
[97m[INFO ] Selecting reference view using strategy: saddle_balanced[0m
[slambench]   clip 50/374 (117s)
[97m[INFO ] Selecting reference view using strategy: saddle_balanced[0m
[97m[INFO ] Selecting reference view using strategy: saddle_balanced[0m
[97m[INFO ] Selecting reference view using strategy: saddle_balanced[0m
[97m[INFO ] Selecting reference view using strategy: saddle_balanced[0m
[97m[INFO ] Selecting reference view using strategy: saddle_balanced[0m
[97m[INFO ] Selecting reference view using strategy: saddle_balanced[0m
[97m[INFO ] Selecting reference view using strategy: saddle_balanced[0m
[97m[INFO ] Selecting reference view using strategy: saddle_balanced[0m
[97m[INFO ] Selecting reference view using strategy: saddle_balanced[0m
[97m[INFO ] Selecting reference view using strategy: saddle_balanced[0m
[97m[INFO ] Selecting reference view using strategy: saddle_balanced[0m
[97m[INFO ] Selecting reference view using strategy: saddle_balanced[0m
[97m[INFO ] Selecting reference view using strategy: saddle_balanced[0m
[97m[INFO ] Selecting reference view using strategy: saddle_balanced[0m
[97m[INFO ] Selecting reference view using strategy: saddle_balanced[0m
[97m[INFO ] Selecting reference view using strategy: saddle_balanced[0m
[97m[INFO ] Selecting reference view using strategy: saddle_balanced[0m
[97m[INFO ] Selecting reference view using strategy: saddle_balanced[0m
[97m[INFO ] Selecting reference view using strategy: saddle_balanced[0m
[97m[INFO ] Selecting reference view using strategy: saddle_balanced[0m
[97m[INFO ] Selecting reference view using strategy: saddle_balanced[0m
[97m[INFO ] Selecting reference view using strategy: saddle_balanced[0m
[97m[INFO ] Selecting reference view using strategy: saddle_balanced[0m
[97m[INFO ] Selecting reference view using strategy: saddle_balanced[0m
[97m[INFO ] Selecting reference view using strategy: saddle_balanced[0m
[97m[INFO ] Selecting reference view using strategy: saddle_balanced[0m
[97m[INFO ] Selecting reference view using strategy: saddle_balanced[0m
[97m[INFO ] Selecting reference view using strategy: saddle_balanced[0m
[97m[INFO ] Selecting reference view using strategy: saddle_balanced[0m
[97m[INFO ] Selecting reference view using strategy: saddle_balanced[0m
[97m[INFO ] Selecting reference view using strategy: saddle_balanced[0m
[97m[INFO ] Selecting reference view using strategy: saddle_balanced[0m
[97m[INFO ] Selecting reference view using strategy: saddle_balanced[0m
[97m[INFO ] Selecting reference view using strategy: saddle_balanced[0m
[97m[INFO ] Selecting reference view using strategy: saddle_balanced[0m
[97m[INFO ] Selecting reference view using strategy: saddle_balanced[0m
[97m[INFO ] Selecting reference view using strategy: saddle_balanced[0m
[97m[INFO ] Selecting reference view using strategy: saddle_balanced[0m
[97m[INFO ] Selecting reference view using strategy: saddle_balanced[0m
[97m[INFO ] Selecting reference view using strategy: saddle_balanced[0m
[97m[INFO ] Selecting reference view using strategy: saddle_balanced[0m
[97m[INFO ] Selecting reference view using strategy: saddle_balanced[0m
[97m[INFO ] Selecting reference view using strategy: saddle_balanced[0m
[97m[INFO ] Selecting reference view using strategy: saddle_balanced[0m
[97m[INFO ] Selecting reference view using strategy: saddle_balanced[0m
[97m[INFO ] Selecting reference view using strategy: saddle_balanced[0m
[97m[INFO ] Selecting reference view using strategy: saddle_balanced[0m
[97m[INFO ] Selecting reference view using strategy: saddle_balanced[0m
[slambench]   clip 55/374 (133s)
[97m[INFO ] Selecting reference view using strategy: saddle_balanced[0m
[97m[INFO ] Selecting reference view using strategy: saddle_balanced[0m
[97m[INFO ] Selecting reference view using strategy: saddle_balanced[0m
[97m[INFO ] Selecting reference view using strategy: saddle_balanced[0m
[97m[INFO ] Selecting reference view using strategy: saddle_balanced[0m
[97m[INFO ] Selecting reference view using strategy: saddle_balanced[0m
[97m[INFO ] Selecting reference view using strategy: saddle_balanced[0m
[97m[INFO ] Selecting reference view using strategy: saddle_balanced[0m
[97m[INFO ] Selecting reference view using strategy: saddle_balanced[0m
[97m[INFO ] Selecting reference view using strategy: saddle_balanced[0m
[97m[INFO ] Selecting reference view using strategy: saddle_balanced[0m
[97m[INFO ] Selecting reference view using strategy: saddle_balanced[0m
[97m[INFO ] Selecting reference view using strategy: saddle_balanced[0m
[97m[INFO ] Selecting reference view using strategy: saddle_balanced[0m
[97m[INFO ] Selecting reference view using strategy: saddle_balanced[0m
[97m[INFO ] Selecting reference view using strategy: saddle_balanced[0m
[97m[INFO ] Selecting reference view using strategy: saddle_balanced[0m
[97m[INFO ] Selecting reference view using strategy: saddle_balanced[0m
[97m[INFO ] Selecting reference view using strategy: saddle_balanced[0m
[97m[INFO ] Selecting reference view using strategy: saddle_balanced[0m
[97m[INFO ] Selecting reference view using strategy: saddle_balanced[0m
[97m[INFO ] Selecting reference view using strategy: saddle_balanced[0m
[97m[INFO ] Selecting reference view using strategy: saddle_balanced[0m
[97m[INFO ] Selecting reference view using strategy: saddle_balanced[0m
[97m[INFO ] Selecting reference view using strategy: saddle_balanced[0m
[97m[INFO ] Selecting reference view using strategy: saddle_balanced[0m
[97m[INFO ] Selecting reference view using strategy: saddle_balanced[0m
[97m[INFO ] Selecting reference view using strategy: saddle_balanced[0m
[97m[INFO ] Selecting reference view using strategy: saddle_balanced[0m
[97m[INFO ] Selecting reference view using strategy: saddle_balanced[0m
[97m[INFO ] Selecting reference view using strategy: saddle_balanced[0m
[97m[INFO ] Selecting reference view using strategy: saddle_balanced[0m
[97m[INFO ] Selecting reference view using strategy: saddle_balanced[0m
[97m[INFO ] Selecting reference view using strategy: saddle_balanced[0m
[97m[INFO ] Selecting reference view using strategy: saddle_balanced[0m
[97m[INFO ] Selecting reference view using strategy: saddle_balanced[0m
[97m[INFO ] Selecting reference view using strategy: saddle_balanced[0m
[97m[INFO ] Selecting reference view using strategy: saddle_balanced[0m
[97m[INFO ] Selecting reference view using strategy: saddle_balanced[0m
[97m[INFO ] Selecting reference view using strategy: saddle_balanced[0m
[97m[INFO ] Selecting reference view using strategy: saddle_balanced[0m
[97m[INFO ] Selecting reference view using strategy: saddle_balanced[0m
[slambench]   clip 60/374 (148s)
[97m[INFO ] Selecting reference view using strategy: saddle_balanced[0m
[97m[INFO ] Selecting reference view using strategy: saddle_balanced[0m
[97m[INFO ] Selecting reference view using strategy: saddle_balanced[0m
[97m[INFO ] Selecting reference view using strategy: saddle_balanced[0m
[97m[INFO ] Selecting reference view using strategy: saddle_balanced[0m
[97m[INFO ] Selecting reference view using strategy: saddle_balanced[0m
[97m[INFO ] Selecting reference view using strategy: saddle_balanced[0m
[97m[INFO ] Selecting reference view using strategy: saddle_balanced[0m
[97m[INFO ] Selecting reference view using strategy: saddle_balanced[0m
[97m[INFO ] Selecting reference view using strategy: saddle_balanced[0m
[97m[INFO ] Selecting reference view using strategy: saddle_balanced[0m
[97m[INFO ] Selecting reference view using strategy: saddle_balanced[0m
[97m[INFO ] Selecting reference view using strategy: saddle_balanced[0m
[97m[INFO ] Selecting reference view using strategy: saddle_balanced[0m
[97m[INFO ] Selecting reference view using strategy: saddle_balanced[0m
[97m[INFO ] Selecting reference view using strategy: saddle_balanced[0m
[97m[INFO ] Selecting reference view using strategy: saddle_balanced[0m
[97m[INFO ] Selecting reference view using strategy: saddle_balanced[0m
[97m[INFO ] Selecting reference view using strategy: saddle_balanced[0m
[97m[INFO ] Selecting reference view using strategy: saddle_balanced[0m
[97m[INFO ] Selecting reference view using strategy: saddle_balanced[0m
[97m[INFO ] Selecting reference view using strategy: saddle_balanced[0m
[97m[INFO ] Selecting reference view using strategy: saddle_balanced[0m
[97m[INFO ] Selecting reference view using strategy: saddle_balanced[0m
[97m[INFO ] Selecting reference view using strategy: saddle_balanced[0m
[97m[INFO ] Selecting reference view using strategy: saddle_balanced[0m
[97m[INFO ] Selecting reference view using strategy: saddle_balanced[0m
[97m[INFO ] Selecting reference view using strategy: saddle_balanced[0m
[97m[INFO ] Selecting reference view using strategy: saddle_balanced[0m
[97m[INFO ] Selecting reference view using strategy: saddle_balanced[0m
[97m[INFO ] Selecting reference view using strategy: saddle_balanced[0m
[97m[INFO ] Selecting reference view using strategy: saddle_balanced[0m
[97m[INFO ] Selecting reference view using strategy: saddle_balanced[0m
[97m[INFO ] Selecting reference view using strategy: saddle_balanced[0m
[97m[INFO ] Selecting reference view using strategy: saddle_balanced[0m
[97m[INFO ] Selecting reference view using strategy: saddle_balanced[0m
[97m[INFO ] Selecting reference view using strategy: saddle_balanced[0m
[97m[INFO ] Selecting reference view using strategy: saddle_balanced[0m
[97m[INFO ] Selecting reference view using strategy: saddle_balanced[0m
[97m[INFO ] Selecting reference view using strategy: saddle_balanced[0m
[97m[INFO ] Selecting reference view using strategy: saddle_balanced[0m
[97m[INFO ] Selecting reference view using strategy: saddle_balanced[0m
[slambench]   clip 65/374 (163s)
[97m[INFO ] Selecting reference view using strategy: saddle_balanced[0m
[97m[INFO ] Selecting reference view using strategy: saddle_balanced[0m
[97m[INFO ] Selecting reference view using strategy: saddle_balanced[0m
[97m[INFO ] Selecting reference view using strategy: saddle_balanced[0m
[97m[INFO ] Selecting reference view using strategy: saddle_balanced[0m
[97m[INFO ] Selecting reference view using strategy: saddle_balanced[0m
[97m[INFO ] Selecting reference view using strategy: saddle_balanced[0m
[97m[INFO ] Selecting reference view using strategy: saddle_balanced[0m
[97m[INFO ] Selecting reference view using strategy: saddle_balanced[0m
[97m[INFO ] Selecting reference view using strategy: saddle_balanced[0m
[97m[INFO ] Selecting reference view using strategy: saddle_balanced[0m
[97m[INFO ] Selecting reference view using strategy: saddle_balanced[0m
[97m[INFO ] Selecting reference view using strategy: saddle_balanced[0m
[97m[INFO ] Selecting reference view using strategy: saddle_balanced[0m
[97m[INFO ] Selecting reference view using strategy: saddle_balanced[0m
[97m[INFO ] Selecting reference view using strategy: saddle_balanced[0m
[97m[INFO ] Selecting reference view using strategy: saddle_balanced[0m
[97m[INFO ] Selecting reference view using strategy: saddle_balanced[0m
[97m[INFO ] Selecting reference view using strategy: saddle_balanced[0m
[97m[INFO ] Selecting reference view using strategy: saddle_balanced[0m
[97m[INFO ] Selecting reference view using strategy: saddle_balanced[0m
[97m[INFO ] Selecting reference view using strategy: saddle_balanced[0m
[97m[INFO ] Selecting reference view using strategy: saddle_balanced[0m
[97m[INFO ] Selecting reference view using strategy: saddle_balanced[0m
[97m[INFO ] Selecting reference view using strategy: saddle_balanced[0m
[97m[INFO ] Selecting reference view using strategy: saddle_balanced[0m
[97m[INFO ] Selecting reference view using strategy: saddle_balanced[0m
[97m[INFO ] Selecting reference view using strategy: saddle_balanced[0m
[97m[INFO ] Selecting reference view using strategy: saddle_balanced[0m
[97m[INFO ] Selecting reference view using strategy: saddle_balanced[0m
[97m[INFO ] Selecting reference view using strategy: saddle_balanced[0m
[97m[INFO ] Selecting reference view using strategy: saddle_balanced[0m
[97m[INFO ] Selecting reference view using strategy: saddle_balanced[0m
[97m[INFO ] Selecting reference view using strategy: saddle_balanced[0m
[97m[INFO ] Selecting reference view using strategy: saddle_balanced[0m
[97m[INFO ] Selecting reference view using strategy: saddle_balanced[0m
[97m[INFO ] Selecting reference view using strategy: saddle_balanced[0m
[97m[INFO ] Selecting reference view using strategy: saddle_balanced[0m
[97m[INFO ] Selecting reference view using strategy: saddle_balanced[0m
[97m[INFO ] Selecting reference view using strategy: saddle_balanced[0m
[97m[INFO ] Selecting reference view using strategy: saddle_balanced[0m
[97m[INFO ] Selecting reference view using strategy: saddle_balanced[0m
[slambench]   clip 70/374 (178s)
[97m[INFO ] Selecting reference view using strategy: saddle_balanced[0m
[97m[INFO ] Selecting reference view using strategy: saddle_balanced[0m
[97m[INFO ] Selecting reference view using strategy: saddle_balanced[0m
[97m[INFO ] Selecting reference view using strategy: saddle_balanced[0m
[97m[INFO ] Selecting reference view using strategy: saddle_balanced[0m
[97m[INFO ] Selecting reference view using strategy: saddle_balanced[0m
[97m[INFO ] Selecting reference view using strategy: saddle_balanced[0m
[97m[INFO ] Selecting reference view using strategy: saddle_balanced[0m
[97m[INFO ] Selecting reference view using strategy: saddle_balanced[0m
[97m[INFO ] Selecting reference view using strategy: saddle_balanced[0m
[97m[INFO ] Selecting reference view using strategy: saddle_balanced[0m
[97m[INFO ] Selecting reference view using strategy: saddle_balanced[0m
[97m[INFO ] Selecting reference view using strategy: saddle_balanced[0m
[97m[INFO ] Selecting reference view using strategy: saddle_balanced[0m
[97m[INFO ] Selecting reference view using strategy: saddle_balanced[0m
[97m[INFO ] Selecting reference view using strategy: saddle_balanced[0m
[97m[INFO ] Selecting reference view using strategy: saddle_balanced[0m
[97m[INFO ] Selecting reference view using strategy: saddle_balanced[0m
[97m[INFO ] Selecting reference view using strategy: saddle_balanced[0m
[97m[INFO ] Selecting reference view using strategy: saddle_balanced[0m
[97m[INFO ] Selecting reference view using strategy: saddle_balanced[0m
[97m[INFO ] Selecting reference view using strategy: saddle_balanced[0m
[97m[INFO ] Selecting reference view using strategy: saddle_balanced[0m
[97m[INFO ] Selecting reference view using strategy: saddle_balanced[0m
[97m[INFO ] Selecting reference view using strategy: saddle_balanced[0m
[97m[INFO ] Selecting reference view using strategy: saddle_balanced[0m
[97m[INFO ] Selecting reference view using strategy: saddle_balanced[0m
[97m[INFO ] Selecting reference view using strategy: saddle_balanced[0m
[97m[INFO ] Selecting reference view using strategy: saddle_balanced[0m
[97m[INFO ] Selecting reference view using strategy: saddle_balanced[0m
[slambench]   clip 75/374 (190s)
[97m[INFO ] Selecting reference view using strategy: saddle_balanced[0m
[97m[INFO ] Selecting reference view using strategy: saddle_balanced[0m
[97m[INFO ] Selecting reference view using strategy: saddle_balanced[0m
[97m[INFO ] Selecting reference view using strategy: saddle_balanced[0m
[97m[INFO ] Selecting reference view using strategy: saddle_balanced[0m
[97m[INFO ] Selecting reference view using strategy: saddle_balanced[0m
[97m[INFO ] Selecting reference view using strategy: saddle_balanced[0m
[97m[INFO ] Selecting reference view using strategy: saddle_balanced[0m
[97m[INFO ] Selecting reference view using strategy: saddle_balanced[0m
[97m[INFO ] Selecting reference view using strategy: saddle_balanced[0m
[97m[INFO ] Selecting reference view using strategy: saddle_balanced[0m
[97m[INFO ] Selecting reference view using strategy: saddle_balanced[0m
[97m[INFO ] Selecting reference view using strategy: saddle_balanced[0m
[97m[INFO ] Selecting reference view using strategy: saddle_balanced[0m
[97m[INFO ] Selecting reference view using strategy: saddle_balanced[0m
[97m[INFO ] Selecting reference view using strategy: saddle_balanced[0m
[97m[INFO ] Selecting reference view using strategy: saddle_balanced[0m
[97m[INFO ] Selecting reference view using strategy: saddle_balanced[0m
[97m[INFO ] Selecting reference view using strategy: saddle_balanced[0m
[97m[INFO ] Selecting reference view using strategy: saddle_balanced[0m
[97m[INFO ] Selecting reference view using strategy: saddle_balanced[0m
[97m[INFO ] Selecting reference view using strategy: saddle_balanced[0m
[97m[INFO ] Selecting reference view using strategy: saddle_balanced[0m
[97m[INFO ] Selecting reference view using strategy: saddle_balanced[0m
[97m[INFO ] Selecting reference view using strategy: saddle_balanced[0m
[97m[INFO ] Selecting reference view using strategy: saddle_balanced[0m
[97m[INFO ] Selecting reference view using strategy: saddle_balanced[0m
[97m[INFO ] Selecting reference view using strategy: saddle_balanced[0m
[97m[INFO ] Selecting reference view using strategy: saddle_balanced[0m
[97m[INFO ] Selecting reference view using strategy: saddle_balanced[0m
[slambench]   clip 80/374 (201s)
[97m[INFO ] Selecting reference view using strategy: saddle_balanced[0m
[97m[INFO ] Selecting reference view using strategy: saddle_balanced[0m
[97m[INFO ] Selecting reference view using strategy: saddle_balanced[0m
[97m[INFO ] Selecting reference view using strategy: saddle_balanced[0m
[97m[INFO ] Selecting reference view using strategy: saddle_balanced[0m
[97m[INFO ] Selecting reference view using strategy: saddle_balanced[0m
[97m[INFO ] Selecting reference view using strategy: saddle_balanced[0m
[97m[INFO ] Selecting reference view using strategy: saddle_balanced[0m
[97m[INFO ] Selecting reference view using strategy: saddle_balanced[0m
[97m[INFO ] Selecting reference view using strategy: saddle_balanced[0m
[97m[INFO ] Selecting reference view using strategy: saddle_balanced[0m
[97m[INFO ] Selecting reference view using strategy: saddle_balanced[0m
[97m[INFO ] Selecting reference view using strategy: saddle_balanced[0m
[97m[INFO ] Selecting reference view using strategy: saddle_balanced[0m
[97m[INFO ] Selecting reference view using strategy: saddle_balanced[0m
[97m[INFO ] Selecting reference view using strategy: saddle_balanced[0m
[97m[INFO ] Selecting reference view using strategy: saddle_balanced[0m
[97m[INFO ] Selecting reference view using strategy: saddle_balanced[0m
[97m[INFO ] Selecting reference view using strategy: saddle_balanced[0m
[97m[INFO ] Selecting reference view using strategy: saddle_balanced[0m
[97m[INFO ] Selecting reference view using strategy: saddle_balanced[0m
[97m[INFO ] Selecting reference view using strategy: saddle_balanced[0m
[97m[INFO ] Selecting reference view using strategy: saddle_balanced[0m
[97m[INFO ] Selecting reference view using strategy: saddle_balanced[0m
[97m[INFO ] Selecting reference view using strategy: saddle_balanced[0m
[97m[INFO ] Selecting reference view using strategy: saddle_balanced[0m
[97m[INFO ] Selecting reference view using strategy: saddle_balanced[0m
[97m[INFO ] Selecting reference view using strategy: saddle_balanced[0m
[97m[INFO ] Selecting reference view using strategy: saddle_balanced[0m
[97m[INFO ] Selecting reference view using strategy: saddle_balanced[0m
[slambench]   clip 85/374 (212s)
[97m[INFO ] Selecting reference view using strategy: saddle_balanced[0m
[97m[INFO ] Selecting reference view using strategy: saddle_balanced[0m
[97m[INFO ] Selecting reference view using strategy: saddle_balanced[0m
[97m[INFO ] Selecting reference view using strategy: saddle_balanced[0m
[97m[INFO ] Selecting reference view using strategy: saddle_balanced[0m
[97m[INFO ] Selecting reference view using strategy: saddle_balanced[0m
[97m[INFO ] Selecting reference view using strategy: saddle_balanced[0m
[97m[INFO ] Selecting reference view using strategy: saddle_balanced[0m
[97m[INFO ] Selecting reference view using strategy: saddle_balanced[0m
[97m[INFO ] Selecting reference view using strategy: saddle_balanced[0m
[97m[INFO ] Selecting reference view using strategy: saddle_balanced[0m
[97m[INFO ] Selecting reference view using strategy: saddle_balanced[0m
[97m[INFO ] Selecting reference view using strategy: saddle_balanced[0m
[97m[INFO ] Selecting reference view using strategy: saddle_balanced[0m
[97m[INFO ] Selecting reference view using strategy: saddle_balanced[0m
[97m[INFO ] Selecting reference view using strategy: saddle_balanced[0m
[97m[INFO ] Selecting reference view using strategy: saddle_balanced[0m
[97m[INFO ] Selecting reference view using strategy: saddle_balanced[0m
[97m[INFO ] Selecting reference view using strategy: saddle_balanced[0m
[97m[INFO ] Selecting reference view using strategy: saddle_balanced[0m
[97m[INFO ] Selecting reference view using strategy: saddle_balanced[0m
[97m[INFO ] Selecting reference view using strategy: saddle_balanced[0m
[97m[INFO ] Selecting reference view using strategy: saddle_balanced[0m
[97m[INFO ] Selecting reference view using strategy: saddle_balanced[0m
[97m[INFO ] Selecting reference view using strategy: saddle_balanced[0m
[97m[INFO ] Selecting reference view using strategy: saddle_balanced[0m
[97m[INFO ] Selecting reference view using strategy: saddle_balanced[0m
[97m[INFO ] Selecting reference view using strategy: saddle_balanced[0m
[97m[INFO ] Selecting reference view using strategy: saddle_balanced[0m
[97m[INFO ] Selecting reference view using strategy: saddle_balanced[0m
[97m[INFO ] Selecting reference view using strategy: saddle_balanced[0m
[97m[INFO ] Selecting reference view using strategy: saddle_balanced[0m
[97m[INFO ] Selecting reference view using strategy: saddle_balanced[0m
[97m[INFO ] Selecting reference view using strategy: saddle_balanced[0m
[97m[INFO ] Selecting reference view using strategy: saddle_balanced[0m
[97m[INFO ] Selecting reference view using strategy: saddle_balanced[0m
[slambench]   clip 90/374 (225s)
[97m[INFO ] Selecting reference view using strategy: saddle_balanced[0m
[97m[INFO ] Selecting reference view using strategy: saddle_balanced[0m
[97m[INFO ] Selecting reference view using strategy: saddle_balanced[0m
[97m[INFO ] Selecting reference view using strategy: saddle_balanced[0m
[97m[INFO ] Selecting reference view using strategy: saddle_balanced[0m
[97m[INFO ] Selecting reference view using strategy: saddle_balanced[0m
[97m[INFO ] Selecting reference view using strategy: saddle_balanced[0m
[97m[INFO ] Selecting reference view using strategy: saddle_balanced[0m
[97m[INFO ] Selecting reference view using strategy: saddle_balanced[0m
[97m[INFO ] Selecting reference view using strategy: saddle_balanced[0m
[97m[INFO ] Selecting reference view using strategy: saddle_balanced[0m
[97m[INFO ] Selecting reference view using strategy: saddle_balanced[0m
[97m[INFO ] Selecting reference view using strategy: saddle_balanced[0m
[97m[INFO ] Selecting reference view using strategy: saddle_balanced[0m
[97m[INFO ] Selecting reference view using strategy: saddle_balanced[0m
[97m[INFO ] Selecting reference view using strategy: saddle_balanced[0m
[97m[INFO ] Selecting reference view using strategy: saddle_balanced[0m
[97m[INFO ] Selecting reference view using strategy: saddle_balanced[0m
[97m[INFO ] Selecting reference view using strategy: saddle_balanced[0m
[97m[INFO ] Selecting reference view using strategy: saddle_balanced[0m
[97m[INFO ] Selecting reference view using strategy: saddle_balanced[0m
[97m[INFO ] Selecting reference view using strategy: saddle_balanced[0m
[97m[INFO ] Selecting reference view using strategy: saddle_balanced[0m
[97m[INFO ] Selecting reference view using strategy: saddle_balanced[0m
[97m[INFO ] Selecting reference view using strategy: saddle_balanced[0m
[97m[INFO ] Selecting reference view using strategy: saddle_balanced[0m
[97m[INFO ] Selecting reference view using strategy: saddle_balanced[0m
[97m[INFO ] Selecting reference view using strategy: saddle_balanced[0m
[97m[INFO ] Selecting reference view using strategy: saddle_balanced[0m
[97m[INFO ] Selecting reference view using strategy: saddle_balanced[0m
[slambench]   clip 95/374 (236s)
[97m[INFO ] Selecting reference view using strategy: saddle_balanced[0m
[97m[INFO ] Selecting reference view using strategy: saddle_balanced[0m
[97m[INFO ] Selecting reference view using strategy: saddle_balanced[0m
[97m[INFO ] Selecting reference view using strategy: saddle_balanced[0m
[97m[INFO ] Selecting reference view using strategy: saddle_balanced[0m
[97m[INFO ] Selecting reference view using strategy: saddle_balanced[0m
[97m[INFO ] Selecting reference view using strategy: saddle_balanced[0m
[97m[INFO ] Selecting reference view using strategy: saddle_balanced[0m
[97m[INFO ] Selecting reference view using strategy: saddle_balanced[0m
[97m[INFO ] Selecting reference view using strategy: saddle_balanced[0m
[97m[INFO ] Selecting reference view using strategy: saddle_balanced[0m
[97m[INFO ] Selecting reference view using strategy: saddle_balanced[0m
[97m[INFO ] Selecting reference view using strategy: saddle_balanced[0m
[97m[INFO ] Selecting reference view using strategy: saddle_balanced[0m
[97m[INFO ] Selecting reference view using strategy: saddle_balanced[0m
[97m[INFO ] Selecting reference view using strategy: saddle_balanced[0m
[97m[INFO ] Selecting reference view using strategy: saddle_balanced[0m
[97m[INFO ] Selecting reference view using strategy: saddle_balanced[0m
[97m[INFO ] Selecting reference view using strategy: saddle_balanced[0m
[97m[INFO ] Selecting reference view using strategy: saddle_balanced[0m
[97m[INFO ] Selecting reference view using strategy: saddle_balanced[0m
[97m[INFO ] Selecting reference view using strategy: saddle_balanced[0m
[97m[INFO ] Selecting reference view using strategy: saddle_balanced[0m
[97m[INFO ] Selecting reference view using strategy: saddle_balanced[0m
[97m[INFO ] Selecting reference view using strategy: saddle_balanced[0m
[97m[INFO ] Selecting reference view using strategy: saddle_balanced[0m
[97m[INFO ] Selecting reference view using strategy: saddle_balanced[0m
[97m[INFO ] Selecting reference view using strategy: saddle_balanced[0m
[97m[INFO ] Selecting reference view using strategy: saddle_balanced[0m
[97m[INFO ] Selecting reference view using strategy: saddle_balanced[0m
[slambench]   clip 100/374 (247s)
[97m[INFO ] Selecting reference view using strategy: saddle_balanced[0m
[97m[INFO ] Selecting reference view using strategy: saddle_balanced[0m
[97m[INFO ] Selecting reference view using strategy: saddle_balanced[0m
[97m[INFO ] Selecting reference view using strategy: saddle_balanced[0m
[97m[INFO ] Selecting reference view using strategy: saddle_balanced[0m
[97m[INFO ] Selecting reference view using strategy: saddle_balanced[0m
[97m[INFO ] Selecting reference view using strategy: saddle_balanced[0m
[97m[INFO ] Selecting reference view using strategy: saddle_balanced[0m
[97m[INFO ] Selecting reference view using strategy: saddle_balanced[0m
[97m[INFO ] Selecting reference view using strategy: saddle_balanced[0m
[97m[INFO ] Selecting reference view using strategy: saddle_balanced[0m
[97m[INFO ] Selecting reference view using strategy: saddle_balanced[0m
[97m[INFO ] Selecting reference view using strategy: saddle_balanced[0m
[97m[INFO ] Selecting reference view using strategy: saddle_balanced[0m
[97m[INFO ] Selecting reference view using strategy: saddle_balanced[0m
[97m[INFO ] Selecting reference view using strategy: saddle_balanced[0m
[97m[INFO ] Selecting reference view using strategy: saddle_balanced[0m
[97m[INFO ] Selecting reference view using strategy: saddle_balanced[0m
[97m[INFO ] Selecting reference view using strategy: saddle_balanced[0m
[97m[INFO ] Selecting reference view using strategy: saddle_balanced[0m
[97m[INFO ] Selecting reference view using strategy: saddle_balanced[0m
[97m[INFO ] Selecting reference view using strategy: saddle_balanced[0m
[97m[INFO ] Selecting reference view using strategy: saddle_balanced[0m
[97m[INFO ] Selecting reference view using strategy: saddle_balanced[0m
[97m[INFO ] Selecting reference view using strategy: saddle_balanced[0m
[97m[INFO ] Selecting reference view using strategy: saddle_balanced[0m
[97m[INFO ] Selecting reference view using strategy: saddle_balanced[0m
[97m[INFO ] Selecting reference view using strategy: saddle_balanced[0m
[97m[INFO ] Selecting reference view using strategy: saddle_balanced[0m
[97m[INFO ] Selecting reference view using strategy: saddle_balanced[0m
[slambench]   clip 105/374 (258s)
[97m[INFO ] Selecting reference view using strategy: saddle_balanced[0m
[97m[INFO ] Selecting reference view using strategy: saddle_balanced[0m
[97m[INFO ] Selecting reference view using strategy: saddle_balanced[0m
[97m[INFO ] Selecting reference view using strategy: saddle_balanced[0m
[97m[INFO ] Selecting reference view using strategy: saddle_balanced[0m
[97m[INFO ] Selecting reference view using strategy: saddle_balanced[0m
[97m[INFO ] Selecting reference view using strategy: saddle_balanced[0m
[97m[INFO ] Selecting reference view using strategy: saddle_balanced[0m
[97m[INFO ] Selecting reference view using strategy: saddle_balanced[0m
[97m[INFO ] Selecting reference view using strategy: saddle_balanced[0m
[97m[INFO ] Selecting reference view using strategy: saddle_balanced[0m
[97m[INFO ] Selecting reference view using strategy: saddle_balanced[0m
[97m[INFO ] Selecting reference view using strategy: saddle_balanced[0m
[97m[INFO ] Selecting reference view using strategy: saddle_balanced[0m
[97m[INFO ] Selecting reference view using strategy: saddle_balanced[0m
[97m[INFO ] Selecting reference view using strategy: saddle_balanced[0m
[97m[INFO ] Selecting reference view using strategy: saddle_balanced[0m
[97m[INFO ] Selecting reference view using strategy: saddle_balanced[0m
[97m[INFO ] Selecting reference view using strategy: saddle_balanced[0m
[97m[INFO ] Selecting reference view using strategy: saddle_balanced[0m
[97m[INFO ] Selecting reference view using strategy: saddle_balanced[0m
[97m[INFO ] Selecting reference view using strategy: saddle_balanced[0m
[97m[INFO ] Selecting reference view using strategy: saddle_balanced[0m
[97m[INFO ] Selecting reference view using strategy: saddle_balanced[0m
[97m[INFO ] Selecting reference view using strategy: saddle_balanced[0m
[97m[INFO ] Selecting reference view using strategy: saddle_balanced[0m
[97m[INFO ] Selecting reference view using strategy: saddle_balanced[0m
[97m[INFO ] Selecting reference view using strategy: saddle_balanced[0m
[97m[INFO ] Selecting reference view using strategy: saddle_balanced[0m
[97m[INFO ] Selecting reference view using strategy: saddle_balanced[0m
[slambench]   clip 110/374 (269s)
[97m[INFO ] Selecting reference view using strategy: saddle_balanced[0m
[97m[INFO ] Selecting reference view using strategy: saddle_balanced[0m
[97m[INFO ] Selecting reference view using strategy: saddle_balanced[0m
[97m[INFO ] Selecting reference view using strategy: saddle_balanced[0m
[97m[INFO ] Selecting reference view using strategy: saddle_balanced[0m
[97m[INFO ] Selecting reference view using strategy: saddle_balanced[0m
[97m[INFO ] Selecting reference view using strategy: saddle_balanced[0m
[97m[INFO ] Selecting reference view using strategy: saddle_balanced[0m
[97m[INFO ] Selecting reference view using strategy: saddle_balanced[0m
[97m[INFO ] Selecting reference view using strategy: saddle_balanced[0m
[97m[INFO ] Selecting reference view using strategy: saddle_balanced[0m
[97m[INFO ] Selecting reference view using strategy: saddle_balanced[0m
[97m[INFO ] Selecting reference view using strategy: saddle_balanced[0m
[97m[INFO ] Selecting reference view using strategy: saddle_balanced[0m
[97m[INFO ] Selecting reference view using strategy: saddle_balanced[0m
[97m[INFO ] Selecting reference view using strategy: saddle_balanced[0m
[97m[INFO ] Selecting reference view using strategy: saddle_balanced[0m
[97m[INFO ] Selecting reference view using strategy: saddle_balanced[0m
[97m[INFO ] Selecting reference view using strategy: saddle_balanced[0m
[97m[INFO ] Selecting reference view using strategy: saddle_balanced[0m
[97m[INFO ] Selecting reference view using strategy: saddle_balanced[0m
[97m[INFO ] Selecting reference view using strategy: saddle_balanced[0m
[97m[INFO ] Selecting reference view using strategy: saddle_balanced[0m
[97m[INFO ] Selecting reference view using strategy: saddle_balanced[0m
[97m[INFO ] Selecting reference view using strategy: saddle_balanced[0m
[97m[INFO ] Selecting reference view using strategy: saddle_balanced[0m
[97m[INFO ] Selecting reference view using strategy: saddle_balanced[0m
[97m[INFO ] Selecting reference view using strategy: saddle_balanced[0m
[97m[INFO ] Selecting reference view using strategy: saddle_balanced[0m
[97m[INFO ] Selecting reference view using strategy: saddle_balanced[0m
[slambench]   clip 115/374 (281s)
[97m[INFO ] Selecting reference view using strategy: saddle_balanced[0m
[97m[INFO ] Selecting reference view using strategy: saddle_balanced[0m
[97m[INFO ] Selecting reference view using strategy: saddle_balanced[0m
[97m[INFO ] Selecting reference view using strategy: saddle_balanced[0m
[97m[INFO ] Selecting reference view using strategy: saddle_balanced[0m
[97m[INFO ] Selecting reference view using strategy: saddle_balanced[0m
[97m[INFO ] Selecting reference view using strategy: saddle_balanced[0m
[97m[INFO ] Selecting reference view using strategy: saddle_balanced[0m
[97m[INFO ] Selecting reference view using strategy: saddle_balanced[0m
[97m[INFO ] Selecting reference view using strategy: saddle_balanced[0m
[97m[INFO ] Selecting reference view using strategy: saddle_balanced[0m
[97m[INFO ] Selecting reference view using strategy: saddle_balanced[0m
[97m[INFO ] Selecting reference view using strategy: saddle_balanced[0m
[97m[INFO ] Selecting reference view using strategy: saddle_balanced[0m
[97m[INFO ] Selecting reference view using strategy: saddle_balanced[0m
[97m[INFO ] Selecting reference view using strategy: saddle_balanced[0m
[97m[INFO ] Selecting reference view using strategy: saddle_balanced[0m
[97m[INFO ] Selecting reference view using strategy: saddle_balanced[0m
[97m[INFO ] Selecting reference view using strategy: saddle_balanced[0m
[97m[INFO ] Selecting reference view using strategy: saddle_balanced[0m
[97m[INFO ] Selecting reference view using strategy: saddle_balanced[0m
[97m[INFO ] Selecting reference view using strategy: saddle_balanced[0m
[97m[INFO ] Selecting reference view using strategy: saddle_balanced[0m
[97m[INFO ] Selecting reference view using strategy: saddle_balanced[0m
[97m[INFO ] Selecting reference view using strategy: saddle_balanced[0m
[97m[INFO ] Selecting reference view using strategy: saddle_balanced[0m
[97m[INFO ] Selecting reference view using strategy: saddle_balanced[0m
[97m[INFO ] Selecting reference view using strategy: saddle_balanced[0m
[97m[INFO ] Selecting reference view using strategy: saddle_balanced[0m
[97m[INFO ] Selecting reference view using strategy: saddle_balanced[0m
[97m[INFO ] Selecting reference view using strategy: saddle_balanced[0m
[97m[INFO ] Selecting reference view using strategy: saddle_balanced[0m
[97m[INFO ] Selecting reference view using strategy: saddle_balanced[0m
[97m[INFO ] Selecting reference view using strategy: saddle_balanced[0m
[97m[INFO ] Selecting reference view using strategy: saddle_balanced[0m
[97m[INFO ] Selecting reference view using strategy: saddle_balanced[0m
[97m[INFO ] Selecting reference view using strategy: saddle_balanced[0m
[97m[INFO ] Selecting reference view using strategy: saddle_balanced[0m
[97m[INFO ] Selecting reference view using strategy: saddle_balanced[0m
[97m[INFO ] Selecting reference view using strategy: saddle_balanced[0m
[97m[INFO ] Selecting reference view using strategy: saddle_balanced[0m
[97m[INFO ] Selecting reference view using strategy: saddle_balanced[0m
[97m[INFO ] Selecting reference view using strategy: saddle_balanced[0m
[97m[INFO ] Selecting reference view using strategy: saddle_balanced[0m
[97m[INFO ] Selecting reference view using strategy: saddle_balanced[0m
[97m[INFO ] Selecting reference view using strategy: saddle_balanced[0m
[97m[INFO ] Selecting reference view using strategy: saddle_balanced[0m
[97m[INFO ] Selecting reference view using strategy: saddle_balanced[0m
[slambench]   clip 120/374 (297s)
[97m[INFO ] Selecting reference view using strategy: saddle_balanced[0m
[97m[INFO ] Selecting reference view using strategy: saddle_balanced[0m
[97m[INFO ] Selecting reference view using strategy: saddle_balanced[0m
[97m[INFO ] Selecting reference view using strategy: saddle_balanced[0m
[97m[INFO ] Selecting reference view using strategy: saddle_balanced[0m
[97m[INFO ] Selecting reference view using strategy: saddle_balanced[0m
[97m[INFO ] Selecting reference view using strategy: saddle_balanced[0m
[97m[INFO ] Selecting reference view using strategy: saddle_balanced[0m
[97m[INFO ] Selecting reference view using strategy: saddle_balanced[0m
[97m[INFO ] Selecting reference view using strategy: saddle_balanced[0m
[97m[INFO ] Selecting reference view using strategy: saddle_balanced[0m
[97m[INFO ] Selecting reference view using strategy: saddle_balanced[0m
[97m[INFO ] Selecting reference view using strategy: saddle_balanced[0m
[97m[INFO ] Selecting reference view using strategy: saddle_balanced[0m
[97m[INFO ] Selecting reference view using strategy: saddle_balanced[0m
[97m[INFO ] Selecting reference view using strategy: saddle_balanced[0m
[97m[INFO ] Selecting reference view using strategy: saddle_balanced[0m
[97m[INFO ] Selecting reference view using strategy: saddle_balanced[0m
[97m[INFO ] Selecting reference view using strategy: saddle_balanced[0m
[97m[INFO ] Selecting reference view using strategy: saddle_balanced[0m
[97m[INFO ] Selecting reference view using strategy: saddle_balanced[0m
[97m[INFO ] Selecting reference view using strategy: saddle_balanced[0m
[97m[INFO ] Selecting reference view using strategy: saddle_balanced[0m
[97m[INFO ] Selecting reference view using strategy: saddle_balanced[0m
[97m[INFO ] Selecting reference view using strategy: saddle_balanced[0m
[97m[INFO ] Selecting reference view using strategy: saddle_balanced[0m
[97m[INFO ] Selecting reference view using strategy: saddle_balanced[0m
[97m[INFO ] Selecting reference view using strategy: saddle_balanced[0m
[97m[INFO ] Selecting reference view using strategy: saddle_balanced[0m
[97m[INFO ] Selecting reference view using strategy: saddle_balanced[0m
[97m[INFO ] Selecting reference view using strategy: saddle_balanced[0m
[97m[INFO ] Selecting reference view using strategy: saddle_balanced[0m
[97m[INFO ] Selecting reference view using strategy: saddle_balanced[0m
[97m[INFO ] Selecting reference view using strategy: saddle_balanced[0m
[97m[INFO ] Selecting reference view using strategy: saddle_balanced[0m
[97m[INFO ] Selecting reference view using strategy: saddle_balanced[0m
[97m[INFO ] Selecting reference view using strategy: saddle_balanced[0m
[97m[INFO ] Selecting reference view using strategy: saddle_balanced[0m
[97m[INFO ] Selecting reference view using strategy: saddle_balanced[0m
[97m[INFO ] Selecting reference view using strategy: saddle_balanced[0m
[97m[INFO ] Selecting reference view using strategy: saddle_balanced[0m
[97m[INFO ] Selecting reference view using strategy: saddle_balanced[0m
[slambench]   clip 125/374 (312s)
[97m[INFO ] Selecting reference view using strategy: saddle_balanced[0m
[97m[INFO ] Selecting reference view using strategy: saddle_balanced[0m
[97m[INFO ] Selecting reference view using strategy: saddle_balanced[0m
[97m[INFO ] Selecting reference view using strategy: saddle_balanced[0m
[97m[INFO ] Selecting reference view using strategy: saddle_balanced[0m
[97m[INFO ] Selecting reference view using strategy: saddle_balanced[0m
[97m[INFO ] Selecting reference view using strategy: saddle_balanced[0m
[97m[INFO ] Selecting reference view using strategy: saddle_balanced[0m
[97m[INFO ] Selecting reference view using strategy: saddle_balanced[0m
[97m[INFO ] Selecting reference view using strategy: saddle_balanced[0m
[97m[INFO ] Selecting reference view using strategy: saddle_balanced[0m
[97m[INFO ] Selecting reference view using strategy: saddle_balanced[0m
[97m[INFO ] Selecting reference view using strategy: saddle_balanced[0m
[97m[INFO ] Selecting reference view using strategy: saddle_balanced[0m
[97m[INFO ] Selecting reference view using strategy: saddle_balanced[0m
[97m[INFO ] Selecting reference view using strategy: saddle_balanced[0m
[97m[INFO ] Selecting reference view using strategy: saddle_balanced[0m
[97m[INFO ] Selecting reference view using strategy: saddle_balanced[0m
[97m[INFO ] Selecting reference view using strategy: saddle_balanced[0m
[97m[INFO ] Selecting reference view using strategy: saddle_balanced[0m
[97m[INFO ] Selecting reference view using strategy: saddle_balanced[0m
[97m[INFO ] Selecting reference view using strategy: saddle_balanced[0m
[97m[INFO ] Selecting reference view using strategy: saddle_balanced[0m
[97m[INFO ] Selecting reference view using strategy: saddle_balanced[0m
[97m[INFO ] Selecting reference view using strategy: saddle_balanced[0m
[97m[INFO ] Selecting reference view using strategy: saddle_balanced[0m
[97m[INFO ] Selecting reference view using strategy: saddle_balanced[0m
[97m[INFO ] Selecting reference view using strategy: saddle_balanced[0m
[97m[INFO ] Selecting reference view using strategy: saddle_balanced[0m
[97m[INFO ] Selecting reference view using strategy: saddle_balanced[0m
[97m[INFO ] Selecting reference view using strategy: saddle_balanced[0m
[97m[INFO ] Selecting reference view using strategy: saddle_balanced[0m
[97m[INFO ] Selecting reference view using strategy: saddle_balanced[0m
[97m[INFO ] Selecting reference view using strategy: saddle_balanced[0m
[97m[INFO ] Selecting reference view using strategy: saddle_balanced[0m
[97m[INFO ] Selecting reference view using strategy: saddle_balanced[0m
[97m[INFO ] Selecting reference view using strategy: saddle_balanced[0m
[97m[INFO ] Selecting reference view using strategy: saddle_balanced[0m
[97m[INFO ] Selecting reference view using strategy: saddle_balanced[0m
[97m[INFO ] Selecting reference view using strategy: saddle_balanced[0m
[97m[INFO ] Selecting reference view using strategy: saddle_balanced[0m
[97m[INFO ] Selecting reference view using strategy: saddle_balanced[0m
[slambench]   clip 130/374 (327s)
[97m[INFO ] Selecting reference view using strategy: saddle_balanced[0m
[97m[INFO ] Selecting reference view using strategy: saddle_balanced[0m
[97m[INFO ] Selecting reference view using strategy: saddle_balanced[0m
[97m[INFO ] Selecting reference view using strategy: saddle_balanced[0m
[97m[INFO ] Selecting reference view using strategy: saddle_balanced[0m
[97m[INFO ] Selecting reference view using strategy: saddle_balanced[0m
[97m[INFO ] Selecting reference view using strategy: saddle_balanced[0m
[97m[INFO ] Selecting reference view using strategy: saddle_balanced[0m
[97m[INFO ] Selecting reference view using strategy: saddle_balanced[0m
[97m[INFO ] Selecting reference view using strategy: saddle_balanced[0m
[97m[INFO ] Selecting reference view using strategy: saddle_balanced[0m
[97m[INFO ] Selecting reference view using strategy: saddle_balanced[0m
[97m[INFO ] Selecting reference view using strategy: saddle_balanced[0m
[97m[INFO ] Selecting reference view using strategy: saddle_balanced[0m
[97m[INFO ] Selecting reference view using strategy: saddle_balanced[0m
[97m[INFO ] Selecting reference view using strategy: saddle_balanced[0m
[97m[INFO ] Selecting reference view using strategy: saddle_balanced[0m
[97m[INFO ] Selecting reference view using strategy: saddle_balanced[0m
[97m[INFO ] Selecting reference view using strategy: saddle_balanced[0m
[97m[INFO ] Selecting reference view using strategy: saddle_balanced[0m
[97m[INFO ] Selecting reference view using strategy: saddle_balanced[0m
[97m[INFO ] Selecting reference view using strategy: saddle_balanced[0m
[97m[INFO ] Selecting reference view using strategy: saddle_balanced[0m
[97m[INFO ] Selecting reference view using strategy: saddle_balanced[0m
[97m[INFO ] Selecting reference view using strategy: saddle_balanced[0m
[97m[INFO ] Selecting reference view using strategy: saddle_balanced[0m
[97m[INFO ] Selecting reference view using strategy: saddle_balanced[0m
[97m[INFO ] Selecting reference view using strategy: saddle_balanced[0m
[97m[INFO ] Selecting reference view using strategy: saddle_balanced[0m
[97m[INFO ] Selecting reference view using strategy: saddle_balanced[0m
[97m[INFO ] Selecting reference view using strategy: saddle_balanced[0m
[97m[INFO ] Selecting reference view using strategy: saddle_balanced[0m
[97m[INFO ] Selecting reference view using strategy: saddle_balanced[0m
[97m[INFO ] Selecting reference view using strategy: saddle_balanced[0m
[97m[INFO ] Selecting reference view using strategy: saddle_balanced[0m
[97m[INFO ] Selecting reference view using strategy: saddle_balanced[0m
[97m[INFO ] Selecting reference view using strategy: saddle_balanced[0m
[97m[INFO ] Selecting reference view using strategy: saddle_balanced[0m
[97m[INFO ] Selecting reference view using strategy: saddle_balanced[0m
[97m[INFO ] Selecting reference view using strategy: saddle_balanced[0m
[97m[INFO ] Selecting reference view using strategy: saddle_balanced[0m
[97m[INFO ] Selecting reference view using strategy: saddle_balanced[0m
[97m[INFO ] Selecting reference view using strategy: saddle_balanced[0m
[97m[INFO ] Selecting reference view using strategy: saddle_balanced[0m
[97m[INFO ] Selecting reference view using strategy: saddle_balanced[0m
[97m[INFO ] Selecting reference view using strategy: saddle_balanced[0m
[97m[INFO ] Selecting reference view using strategy: saddle_balanced[0m
[97m[INFO ] Selecting reference view using strategy: saddle_balanced[0m
[slambench]   clip 135/374 (344s)
[97m[INFO ] Selecting reference view using strategy: saddle_balanced[0m
[97m[INFO ] Selecting reference view using strategy: saddle_balanced[0m
[97m[INFO ] Selecting reference view using strategy: saddle_balanced[0m
[97m[INFO ] Selecting reference view using strategy: saddle_balanced[0m
[97m[INFO ] Selecting reference view using strategy: saddle_balanced[0m
[97m[INFO ] Selecting reference view using strategy: saddle_balanced[0m
[97m[INFO ] Selecting reference view using strategy: saddle_balanced[0m
[97m[INFO ] Selecting reference view using strategy: saddle_balanced[0m
[97m[INFO ] Selecting reference view using strategy: saddle_balanced[0m
[97m[INFO ] Selecting reference view using strategy: saddle_balanced[0m
[97m[INFO ] Selecting reference view using strategy: saddle_balanced[0m
[97m[INFO ] Selecting reference view using strategy: saddle_balanced[0m
[97m[INFO ] Selecting reference view using strategy: saddle_balanced[0m
[97m[INFO ] Selecting reference view using strategy: saddle_balanced[0m
[97m[INFO ] Selecting reference view using strategy: saddle_balanced[0m
[97m[INFO ] Selecting reference view using strategy: saddle_balanced[0m
[97m[INFO ] Selecting reference view using strategy: saddle_balanced[0m
[97m[INFO ] Selecting reference view using strategy: saddle_balanced[0m
[97m[INFO ] Selecting reference view using strategy: saddle_balanced[0m
[97m[INFO ] Selecting reference view using strategy: saddle_balanced[0m
[97m[INFO ] Selecting reference view using strategy: saddle_balanced[0m
[97m[INFO ] Selecting reference view using strategy: saddle_balanced[0m
[97m[INFO ] Selecting reference view using strategy: saddle_balanced[0m
[97m[INFO ] Selecting reference view using strategy: saddle_balanced[0m
[97m[INFO ] Selecting reference view using strategy: saddle_balanced[0m
[97m[INFO ] Selecting reference view using strategy: saddle_balanced[0m
[97m[INFO ] Selecting reference view using strategy: saddle_balanced[0m
[97m[INFO ] Selecting reference view using strategy: saddle_balanced[0m
[97m[INFO ] Selecting reference view using strategy: saddle_balanced[0m
[97m[INFO ] Selecting reference view using strategy: saddle_balanced[0m
[97m[INFO ] Selecting reference view using strategy: saddle_balanced[0m
[97m[INFO ] Selecting reference view using strategy: saddle_balanced[0m
[97m[INFO ] Selecting reference view using strategy: saddle_balanced[0m
[97m[INFO ] Selecting reference view using strategy: saddle_balanced[0m
[97m[INFO ] Selecting reference view using strategy: saddle_balanced[0m
[97m[INFO ] Selecting reference view using strategy: saddle_balanced[0m
[97m[INFO ] Selecting reference view using strategy: saddle_balanced[0m
[97m[INFO ] Selecting reference view using strategy: saddle_balanced[0m
[97m[INFO ] Selecting reference view using strategy: saddle_balanced[0m
[97m[INFO ] Selecting reference view using strategy: saddle_balanced[0m
[97m[INFO ] Selecting reference view using strategy: saddle_balanced[0m
[97m[INFO ] Selecting reference view using strategy: saddle_balanced[0m
[slambench]   clip 140/374 (359s)
[97m[INFO ] Selecting reference view using strategy: saddle_balanced[0m
[97m[INFO ] Selecting reference view using strategy: saddle_balanced[0m
[97m[INFO ] Selecting reference view using strategy: saddle_balanced[0m
[97m[INFO ] Selecting reference view using strategy: saddle_balanced[0m
[97m[INFO ] Selecting reference view using strategy: saddle_balanced[0m
[97m[INFO ] Selecting reference view using strategy: saddle_balanced[0m
[97m[INFO ] Selecting reference view using strategy: saddle_balanced[0m
[97m[INFO ] Selecting reference view using strategy: saddle_balanced[0m
[97m[INFO ] Selecting reference view using strategy: saddle_balanced[0m
[97m[INFO ] Selecting reference view using strategy: saddle_balanced[0m
[97m[INFO ] Selecting reference view using strategy: saddle_balanced[0m
[97m[INFO ] Selecting reference view using strategy: saddle_balanced[0m
[97m[INFO ] Selecting reference view using strategy: saddle_balanced[0m
[97m[INFO ] Selecting reference view using strategy: saddle_balanced[0m
[97m[INFO ] Selecting reference view using strategy: saddle_balanced[0m
[97m[INFO ] Selecting reference view using strategy: saddle_balanced[0m
[97m[INFO ] Selecting reference view using strategy: saddle_balanced[0m
[97m[INFO ] Selecting reference view using strategy: saddle_balanced[0m
[97m[INFO ] Selecting reference view using strategy: saddle_balanced[0m
[97m[INFO ] Selecting reference view using strategy: saddle_balanced[0m
[97m[INFO ] Selecting reference view using strategy: saddle_balanced[0m
[97m[INFO ] Selecting reference view using strategy: saddle_balanced[0m
[97m[INFO ] Selecting reference view using strategy: saddle_balanced[0m
[97m[INFO ] Selecting reference view using strategy: saddle_balanced[0m
[97m[INFO ] Selecting reference view using strategy: saddle_balanced[0m
[97m[INFO ] Selecting reference view using strategy: saddle_balanced[0m
[97m[INFO ] Selecting reference view using strategy: saddle_balanced[0m
[97m[INFO ] Selecting reference view using strategy: saddle_balanced[0m
[97m[INFO ] Selecting reference view using strategy: saddle_balanced[0m
[97m[INFO ] Selecting reference view using strategy: saddle_balanced[0m
[97m[INFO ] Selecting reference view using strategy: saddle_balanced[0m
[97m[INFO ] Selecting reference view using strategy: saddle_balanced[0m
[97m[INFO ] Selecting reference view using strategy: saddle_balanced[0m
[97m[INFO ] Selecting reference view using strategy: saddle_balanced[0m
[97m[INFO ] Selecting reference view using strategy: saddle_balanced[0m
[97m[INFO ] Selecting reference view using strategy: saddle_balanced[0m
[97m[INFO ] Selecting reference view using strategy: saddle_balanced[0m
[97m[INFO ] Selecting reference view using strategy: saddle_balanced[0m
[97m[INFO ] Selecting reference view using strategy: saddle_balanced[0m
[97m[INFO ] Selecting reference view using strategy: saddle_balanced[0m
[97m[INFO ] Selecting reference view using strategy: saddle_balanced[0m
[97m[INFO ] Selecting reference view using strategy: saddle_balanced[0m
[slambench]   clip 145/374 (374s)
[97m[INFO ] Selecting reference view using strategy: saddle_balanced[0m
[97m[INFO ] Selecting reference view using strategy: saddle_balanced[0m
[97m[INFO ] Selecting reference view using strategy: saddle_balanced[0m
[97m[INFO ] Selecting reference view using strategy: saddle_balanced[0m
[97m[INFO ] Selecting reference view using strategy: saddle_balanced[0m
[97m[INFO ] Selecting reference view using strategy: saddle_balanced[0m
[97m[INFO ] Selecting reference view using strategy: saddle_balanced[0m
[97m[INFO ] Selecting reference view using strategy: saddle_balanced[0m
[97m[INFO ] Selecting reference view using strategy: saddle_balanced[0m
[97m[INFO ] Selecting reference view using strategy: saddle_balanced[0m
[97m[INFO ] Selecting reference view using strategy: saddle_balanced[0m
[97m[INFO ] Selecting reference view using strategy: saddle_balanced[0m
[97m[INFO ] Selecting reference view using strategy: saddle_balanced[0m
[97m[INFO ] Selecting reference view using strategy: saddle_balanced[0m
[97m[INFO ] Selecting reference view using strategy: saddle_balanced[0m
[97m[INFO ] Selecting reference view using strategy: saddle_balanced[0m
[97m[INFO ] Selecting reference view using strategy: saddle_balanced[0m
[97m[INFO ] Selecting reference view using strategy: saddle_balanced[0m
[97m[INFO ] Selecting reference view using strategy: saddle_balanced[0m
[97m[INFO ] Selecting reference view using strategy: saddle_balanced[0m
[97m[INFO ] Selecting reference view using strategy: saddle_balanced[0m
[97m[INFO ] Selecting reference view using strategy: saddle_balanced[0m
[97m[INFO ] Selecting reference view using strategy: saddle_balanced[0m
[97m[INFO ] Selecting reference view using strategy: saddle_balanced[0m
[97m[INFO ] Selecting reference view using strategy: saddle_balanced[0m
[97m[INFO ] Selecting reference view using strategy: saddle_balanced[0m
[97m[INFO ] Selecting reference view using strategy: saddle_balanced[0m
[97m[INFO ] Selecting reference view using strategy: saddle_balanced[0m
[97m[INFO ] Selecting reference view using strategy: saddle_balanced[0m
[97m[INFO ] Selecting reference view using strategy: saddle_balanced[0m
[97m[INFO ] Selecting reference view using strategy: saddle_balanced[0m
[97m[INFO ] Selecting reference view using strategy: saddle_balanced[0m
[97m[INFO ] Selecting reference view using strategy: saddle_balanced[0m
[97m[INFO ] Selecting reference view using strategy: saddle_balanced[0m
[97m[INFO ] Selecting reference view using strategy: saddle_balanced[0m
[97m[INFO ] Selecting reference view using strategy: saddle_balanced[0m
[97m[INFO ] Selecting reference view using strategy: saddle_balanced[0m
[97m[INFO ] Selecting reference view using strategy: saddle_balanced[0m
[97m[INFO ] Selecting reference view using strategy: saddle_balanced[0m
[97m[INFO ] Selecting reference view using strategy: saddle_balanced[0m
[97m[INFO ] Selecting reference view using strategy: saddle_balanced[0m
[97m[INFO ] Selecting reference view using strategy: saddle_balanced[0m
[slambench]   clip 150/374 (389s)
[97m[INFO ] Selecting reference view using strategy: saddle_balanced[0m
[97m[INFO ] Selecting reference view using strategy: saddle_balanced[0m
[97m[INFO ] Selecting reference view using strategy: saddle_balanced[0m
[97m[INFO ] Selecting reference view using strategy: saddle_balanced[0m
[97m[INFO ] Selecting reference view using strategy: saddle_balanced[0m
[97m[INFO ] Selecting reference view using strategy: saddle_balanced[0m
[97m[INFO ] Selecting reference view using strategy: saddle_balanced[0m
[97m[INFO ] Selecting reference view using strategy: saddle_balanced[0m
[97m[INFO ] Selecting reference view using strategy: saddle_balanced[0m
[97m[INFO ] Selecting reference view using strategy: saddle_balanced[0m
[97m[INFO ] Selecting reference view using strategy: saddle_balanced[0m
[97m[INFO ] Selecting reference view using strategy: saddle_balanced[0m
[97m[INFO ] Selecting reference view using strategy: saddle_balanced[0m
[97m[INFO ] Selecting reference view using strategy: saddle_balanced[0m
[97m[INFO ] Selecting reference view using strategy: saddle_balanced[0m
[97m[INFO ] Selecting reference view using strategy: saddle_balanced[0m
[97m[INFO ] Selecting reference view using strategy: saddle_balanced[0m
[97m[INFO ] Selecting reference view using strategy: saddle_balanced[0m
[97m[INFO ] Selecting reference view using strategy: saddle_balanced[0m
[97m[INFO ] Selecting reference view using strategy: saddle_balanced[0m
[97m[INFO ] Selecting reference view using strategy: saddle_balanced[0m
[97m[INFO ] Selecting reference view using strategy: saddle_balanced[0m
[97m[INFO ] Selecting reference view using strategy: saddle_balanced[0m
[97m[INFO ] Selecting reference view using strategy: saddle_balanced[0m
[97m[INFO ] Selecting reference view using strategy: saddle_balanced[0m
[97m[INFO ] Selecting reference view using strategy: saddle_balanced[0m
[97m[INFO ] Selecting reference view using strategy: saddle_balanced[0m
[97m[INFO ] Selecting reference view using strategy: saddle_balanced[0m
[97m[INFO ] Selecting reference view using strategy: saddle_balanced[0m
[97m[INFO ] Selecting reference view using strategy: saddle_balanced[0m
[slambench]   clip 155/374 (400s)
[97m[INFO ] Selecting reference view using strategy: saddle_balanced[0m
[97m[INFO ] Selecting reference view using strategy: saddle_balanced[0m
[97m[INFO ] Selecting reference view using strategy: saddle_balanced[0m
[97m[INFO ] Selecting reference view using strategy: saddle_balanced[0m
[97m[INFO ] Selecting reference view using strategy: saddle_balanced[0m
[97m[INFO ] Selecting reference view using strategy: saddle_balanced[0m
[97m[INFO ] Selecting reference view using strategy: saddle_balanced[0m
[97m[INFO ] Selecting reference view using strategy: saddle_balanced[0m
[97m[INFO ] Selecting reference view using strategy: saddle_balanced[0m
[97m[INFO ] Selecting reference view using strategy: saddle_balanced[0m
[97m[INFO ] Selecting reference view using strategy: saddle_balanced[0m
[97m[INFO ] Selecting reference view using strategy: saddle_balanced[0m
[97m[INFO ] Selecting reference view using strategy: saddle_balanced[0m
[97m[INFO ] Selecting reference view using strategy: saddle_balanced[0m
[97m[INFO ] Selecting reference view using strategy: saddle_balanced[0m
[97m[INFO ] Selecting reference view using strategy: saddle_balanced[0m
[97m[INFO ] Selecting reference view using strategy: saddle_balanced[0m
[97m[INFO ] Selecting reference view using strategy: saddle_balanced[0m
[97m[INFO ] Selecting reference view using strategy: saddle_balanced[0m
[97m[INFO ] Selecting reference view using strategy: saddle_balanced[0m
[97m[INFO ] Selecting reference view using strategy: saddle_balanced[0m
[97m[INFO ] Selecting reference view using strategy: saddle_balanced[0m
[97m[INFO ] Selecting reference view using strategy: saddle_balanced[0m
[97m[INFO ] Selecting reference view using strategy: saddle_balanced[0m
[97m[INFO ] Selecting reference view using strategy: saddle_balanced[0m
[97m[INFO ] Selecting reference view using strategy: saddle_balanced[0m
[97m[INFO ] Selecting reference view using strategy: saddle_balanced[0m
[97m[INFO ] Selecting reference view using strategy: saddle_balanced[0m
[97m[INFO ] Selecting reference view using strategy: saddle_balanced[0m
[97m[INFO ] Selecting reference view using strategy: saddle_balanced[0m
[slambench]   clip 160/374 (412s)
[97m[INFO ] Selecting reference view using strategy: saddle_balanced[0m
[97m[INFO ] Selecting reference view using strategy: saddle_balanced[0m
[97m[INFO ] Selecting reference view using strategy: saddle_balanced[0m
[97m[INFO ] Selecting reference view using strategy: saddle_balanced[0m
[97m[INFO ] Selecting reference view using strategy: saddle_balanced[0m
[97m[INFO ] Selecting reference view using strategy: saddle_balanced[0m
[97m[INFO ] Selecting reference view using strategy: saddle_balanced[0m
[97m[INFO ] Selecting reference view using strategy: saddle_balanced[0m
[97m[INFO ] Selecting reference view using strategy: saddle_balanced[0m
[97m[INFO ] Selecting reference view using strategy: saddle_balanced[0m
[97m[INFO ] Selecting reference view using strategy: saddle_balanced[0m
[97m[INFO ] Selecting reference view using strategy: saddle_balanced[0m
[97m[INFO ] Selecting reference view using strategy: saddle_balanced[0m
[97m[INFO ] Selecting reference view using strategy: saddle_balanced[0m
[97m[INFO ] Selecting reference view using strategy: saddle_balanced[0m
[97m[INFO ] Selecting reference view using strategy: saddle_balanced[0m
[97m[INFO ] Selecting reference view using strategy: saddle_balanced[0m
[97m[INFO ] Selecting reference view using strategy: saddle_balanced[0m
[97m[INFO ] Selecting reference view using strategy: saddle_balanced[0m
[97m[INFO ] Selecting reference view using strategy: saddle_balanced[0m
[97m[INFO ] Selecting reference view using strategy: saddle_balanced[0m
[97m[INFO ] Selecting reference view using strategy: saddle_balanced[0m
[97m[INFO ] Selecting reference view using strategy: saddle_balanced[0m
[97m[INFO ] Selecting reference view using strategy: saddle_balanced[0m
[97m[INFO ] Selecting reference view using strategy: saddle_balanced[0m
[97m[INFO ] Selecting reference view using strategy: saddle_balanced[0m
[97m[INFO ] Selecting reference view using strategy: saddle_balanced[0m
[97m[INFO ] Selecting reference view using strategy: saddle_balanced[0m
[97m[INFO ] Selecting reference view using strategy: saddle_balanced[0m
[97m[INFO ] Selecting reference view using strategy: saddle_balanced[0m
[slambench]   clip 165/374 (423s)
[97m[INFO ] Selecting reference view using strategy: saddle_balanced[0m
[97m[INFO ] Selecting reference view using strategy: saddle_balanced[0m
[97m[INFO ] Selecting reference view using strategy: saddle_balanced[0m
[97m[INFO ] Selecting reference view using strategy: saddle_balanced[0m
[97m[INFO ] Selecting reference view using strategy: saddle_balanced[0m
[97m[INFO ] Selecting reference view using strategy: saddle_balanced[0m
[97m[INFO ] Selecting reference view using strategy: saddle_balanced[0m
[97m[INFO ] Selecting reference view using strategy: saddle_balanced[0m
[97m[INFO ] Selecting reference view using strategy: saddle_balanced[0m
[97m[INFO ] Selecting reference view using strategy: saddle_balanced[0m
[97m[INFO ] Selecting reference view using strategy: saddle_balanced[0m
[97m[INFO ] Selecting reference view using strategy: saddle_balanced[0m
[97m[INFO ] Selecting reference view using strategy: saddle_balanced[0m
[97m[INFO ] Selecting reference view using strategy: saddle_balanced[0m
[97m[INFO ] Selecting reference view using strategy: saddle_balanced[0m
[97m[INFO ] Selecting reference view using strategy: saddle_balanced[0m
[97m[INFO ] Selecting reference view using strategy: saddle_balanced[0m
[97m[INFO ] Selecting reference view using strategy: saddle_balanced[0m
[97m[INFO ] Selecting reference view using strategy: saddle_balanced[0m
[97m[INFO ] Selecting reference view using strategy: saddle_balanced[0m
[97m[INFO ] Selecting reference view using strategy: saddle_balanced[0m
[97m[INFO ] Selecting reference view using strategy: saddle_balanced[0m
[97m[INFO ] Selecting reference view using strategy: saddle_balanced[0m
[97m[INFO ] Selecting reference view using strategy: saddle_balanced[0m
[97m[INFO ] Selecting reference view using strategy: saddle_balanced[0m
[97m[INFO ] Selecting reference view using strategy: saddle_balanced[0m
[97m[INFO ] Selecting reference view using strategy: saddle_balanced[0m
[97m[INFO ] Selecting reference view using strategy: saddle_balanced[0m
[97m[INFO ] Selecting reference view using strategy: saddle_balanced[0m
[97m[INFO ] Selecting reference view using strategy: saddle_balanced[0m
[slambench]   clip 170/374 (434s)
[97m[INFO ] Selecting reference view using strategy: saddle_balanced[0m
[97m[INFO ] Selecting reference view using strategy: saddle_balanced[0m
[97m[INFO ] Selecting reference view using strategy: saddle_balanced[0m
[97m[INFO ] Selecting reference view using strategy: saddle_balanced[0m
[97m[INFO ] Selecting reference view using strategy: saddle_balanced[0m
[97m[INFO ] Selecting reference view using strategy: saddle_balanced[0m
[97m[INFO ] Selecting reference view using strategy: saddle_balanced[0m
[97m[INFO ] Selecting reference view using strategy: saddle_balanced[0m
[97m[INFO ] Selecting reference view using strategy: saddle_balanced[0m
[97m[INFO ] Selecting reference view using strategy: saddle_balanced[0m
[97m[INFO ] Selecting reference view using strategy: saddle_balanced[0m
[97m[INFO ] Selecting reference view using strategy: saddle_balanced[0m
[97m[INFO ] Selecting reference view using strategy: saddle_balanced[0m
[97m[INFO ] Selecting reference view using strategy: saddle_balanced[0m
[97m[INFO ] Selecting reference view using strategy: saddle_balanced[0m
[97m[INFO ] Selecting reference view using strategy: saddle_balanced[0m
[97m[INFO ] Selecting reference view using strategy: saddle_balanced[0m
[97m[INFO ] Selecting reference view using strategy: saddle_balanced[0m
[97m[INFO ] Selecting reference view using strategy: saddle_balanced[0m
[97m[INFO ] Selecting reference view using strategy: saddle_balanced[0m
[97m[INFO ] Selecting reference view using strategy: saddle_balanced[0m
[97m[INFO ] Selecting reference view using strategy: saddle_balanced[0m
[97m[INFO ] Selecting reference view using strategy: saddle_balanced[0m
[97m[INFO ] Selecting reference view using strategy: saddle_balanced[0m
[97m[INFO ] Selecting reference view using strategy: saddle_balanced[0m
[97m[INFO ] Selecting reference view using strategy: saddle_balanced[0m
[97m[INFO ] Selecting reference view using strategy: saddle_balanced[0m
[97m[INFO ] Selecting reference view using strategy: saddle_balanced[0m
[97m[INFO ] Selecting reference view using strategy: saddle_balanced[0m
[97m[INFO ] Selecting reference view using strategy: saddle_balanced[0m
[slambench]   clip 175/374 (445s)
[97m[INFO ] Selecting reference view using strategy: saddle_balanced[0m
[97m[INFO ] Selecting reference view using strategy: saddle_balanced[0m
[97m[INFO ] Selecting reference view using strategy: saddle_balanced[0m
[97m[INFO ] Selecting reference view using strategy: saddle_balanced[0m
[97m[INFO ] Selecting reference view using strategy: saddle_balanced[0m
[97m[INFO ] Selecting reference view using strategy: saddle_balanced[0m
[97m[INFO ] Selecting reference view using strategy: saddle_balanced[0m
[97m[INFO ] Selecting reference view using strategy: saddle_balanced[0m
[97m[INFO ] Selecting reference view using strategy: saddle_balanced[0m
[97m[INFO ] Selecting reference view using strategy: saddle_balanced[0m
[97m[INFO ] Selecting reference view using strategy: saddle_balanced[0m
[97m[INFO ] Selecting reference view using strategy: saddle_balanced[0m
[97m[INFO ] Selecting reference view using strategy: saddle_balanced[0m
[97m[INFO ] Selecting reference view using strategy: saddle_balanced[0m
[97m[INFO ] Selecting reference view using strategy: saddle_balanced[0m
[97m[INFO ] Selecting reference view using strategy: saddle_balanced[0m
[97m[INFO ] Selecting reference view using strategy: saddle_balanced[0m
[97m[INFO ] Selecting reference view using strategy: saddle_balanced[0m
[97m[INFO ] Selecting reference view using strategy: saddle_balanced[0m
[97m[INFO ] Selecting reference view using strategy: saddle_balanced[0m
[97m[INFO ] Selecting reference view using strategy: saddle_balanced[0m
[97m[INFO ] Selecting reference view using strategy: saddle_balanced[0m
[97m[INFO ] Selecting reference view using strategy: saddle_balanced[0m
[97m[INFO ] Selecting reference view using strategy: saddle_balanced[0m
[97m[INFO ] Selecting reference view using strategy: saddle_balanced[0m
[97m[INFO ] Selecting reference view using strategy: saddle_balanced[0m
[97m[INFO ] Selecting reference view using strategy: saddle_balanced[0m
[97m[INFO ] Selecting reference view using strategy: saddle_balanced[0m
[97m[INFO ] Selecting reference view using strategy: saddle_balanced[0m
[97m[INFO ] Selecting reference view using strategy: saddle_balanced[0m
[slambench]   clip 180/374 (456s)
[97m[INFO ] Selecting reference view using strategy: saddle_balanced[0m
[97m[INFO ] Selecting reference view using strategy: saddle_balanced[0m
[97m[INFO ] Selecting reference view using strategy: saddle_balanced[0m
[97m[INFO ] Selecting reference view using strategy: saddle_balanced[0m
[97m[INFO ] Selecting reference view using strategy: saddle_balanced[0m
[97m[INFO ] Selecting reference view using strategy: saddle_balanced[0m
[97m[INFO ] Selecting reference view using strategy: saddle_balanced[0m
[97m[INFO ] Selecting reference view using strategy: saddle_balanced[0m
[97m[INFO ] Selecting reference view using strategy: saddle_balanced[0m
[97m[INFO ] Selecting reference view using strategy: saddle_balanced[0m
[97m[INFO ] Selecting reference view using strategy: saddle_balanced[0m
[97m[INFO ] Selecting reference view using strategy: saddle_balanced[0m
[97m[INFO ] Selecting reference view using strategy: saddle_balanced[0m
[97m[INFO ] Selecting reference view using strategy: saddle_balanced[0m
[97m[INFO ] Selecting reference view using strategy: saddle_balanced[0m
[97m[INFO ] Selecting reference view using strategy: saddle_balanced[0m
[97m[INFO ] Selecting reference view using strategy: saddle_balanced[0m
[97m[INFO ] Selecting reference view using strategy: saddle_balanced[0m
[97m[INFO ] Selecting reference view using strategy: saddle_balanced[0m
[97m[INFO ] Selecting reference view using strategy: saddle_balanced[0m
[97m[INFO ] Selecting reference view using strategy: saddle_balanced[0m
[97m[INFO ] Selecting reference view using strategy: saddle_balanced[0m
[97m[INFO ] Selecting reference view using strategy: saddle_balanced[0m
[97m[INFO ] Selecting reference view using strategy: saddle_balanced[0m
[97m[INFO ] Selecting reference view using strategy: saddle_balanced[0m
[97m[INFO ] Selecting reference view using strategy: saddle_balanced[0m
[97m[INFO ] Selecting reference view using strategy: saddle_balanced[0m
[97m[INFO ] Selecting reference view using strategy: saddle_balanced[0m
[97m[INFO ] Selecting reference view using strategy: saddle_balanced[0m
[97m[INFO ] Selecting reference view using strategy: saddle_balanced[0m
[slambench]   clip 185/374 (467s)
[97m[INFO ] Selecting reference view using strategy: saddle_balanced[0m
[97m[INFO ] Selecting reference view using strategy: saddle_balanced[0m
[97m[INFO ] Selecting reference view using strategy: saddle_balanced[0m
[97m[INFO ] Selecting reference view using strategy: saddle_balanced[0m
[97m[INFO ] Selecting reference view using strategy: saddle_balanced[0m
[97m[INFO ] Selecting reference view using strategy: saddle_balanced[0m
[97m[INFO ] Selecting reference view using strategy: saddle_balanced[0m
[97m[INFO ] Selecting reference view using strategy: saddle_balanced[0m
[97m[INFO ] Selecting reference view using strategy: saddle_balanced[0m
[97m[INFO ] Selecting reference view using strategy: saddle_balanced[0m
[97m[INFO ] Selecting reference view using strategy: saddle_balanced[0m
[97m[INFO ] Selecting reference view using strategy: saddle_balanced[0m
[97m[INFO ] Selecting reference view using strategy: saddle_balanced[0m
[97m[INFO ] Selecting reference view using strategy: saddle_balanced[0m
[97m[INFO ] Selecting reference view using strategy: saddle_balanced[0m
[97m[INFO ] Selecting reference view using strategy: saddle_balanced[0m
[97m[INFO ] Selecting reference view using strategy: saddle_balanced[0m
[97m[INFO ] Selecting reference view using strategy: saddle_balanced[0m
[97m[INFO ] Selecting reference view using strategy: saddle_balanced[0m
[97m[INFO ] Selecting reference view using strategy: saddle_balanced[0m
[97m[INFO ] Selecting reference view using strategy: saddle_balanced[0m
[97m[INFO ] Selecting reference view using strategy: saddle_balanced[0m
[97m[INFO ] Selecting reference view using strategy: saddle_balanced[0m
[97m[INFO ] Selecting reference view using strategy: saddle_balanced[0m
[97m[INFO ] Selecting reference view using strategy: saddle_balanced[0m
[97m[INFO ] Selecting reference view using strategy: saddle_balanced[0m
[97m[INFO ] Selecting reference view using strategy: saddle_balanced[0m
[97m[INFO ] Selecting reference view using strategy: saddle_balanced[0m
[97m[INFO ] Selecting reference view using strategy: saddle_balanced[0m
[97m[INFO ] Selecting reference view using strategy: saddle_balanced[0m
[slambench]   clip 190/374 (478s)
[97m[INFO ] Selecting reference view using strategy: saddle_balanced[0m
[97m[INFO ] Selecting reference view using strategy: saddle_balanced[0m
[97m[INFO ] Selecting reference view using strategy: saddle_balanced[0m
[97m[INFO ] Selecting reference view using strategy: saddle_balanced[0m
[97m[INFO ] Selecting reference view using strategy: saddle_balanced[0m
[97m[INFO ] Selecting reference view using strategy: saddle_balanced[0m
[97m[INFO ] Selecting reference view using strategy: saddle_balanced[0m
[97m[INFO ] Selecting reference view using strategy: saddle_balanced[0m
[97m[INFO ] Selecting reference view using strategy: saddle_balanced[0m
[97m[INFO ] Selecting reference view using strategy: saddle_balanced[0m
[97m[INFO ] Selecting reference view using strategy: saddle_balanced[0m
[97m[INFO ] Selecting reference view using strategy: saddle_balanced[0m
[97m[INFO ] Selecting reference view using strategy: saddle_balanced[0m
[97m[INFO ] Selecting reference view using strategy: saddle_balanced[0m
[97m[INFO ] Selecting reference view using strategy: saddle_balanced[0m
[97m[INFO ] Selecting reference view using strategy: saddle_balanced[0m
[97m[INFO ] Selecting reference view using strategy: saddle_balanced[0m
[97m[INFO ] Selecting reference view using strategy: saddle_balanced[0m
[97m[INFO ] Selecting reference view using strategy: saddle_balanced[0m
[97m[INFO ] Selecting reference view using strategy: saddle_balanced[0m
[97m[INFO ] Selecting reference view using strategy: saddle_balanced[0m
[97m[INFO ] Selecting reference view using strategy: saddle_balanced[0m
[97m[INFO ] Selecting reference view using strategy: saddle_balanced[0m
[97m[INFO ] Selecting reference view using strategy: saddle_balanced[0m
[97m[INFO ] Selecting reference view using strategy: saddle_balanced[0m
[97m[INFO ] Selecting reference view using strategy: saddle_balanced[0m
[97m[INFO ] Selecting reference view using strategy: saddle_balanced[0m
[97m[INFO ] Selecting reference view using strategy: saddle_balanced[0m
[97m[INFO ] Selecting reference view using strategy: saddle_balanced[0m
[97m[INFO ] Selecting reference view using strategy: saddle_balanced[0m
[slambench]   clip 195/374 (489s)
[97m[INFO ] Selecting reference view using strategy: saddle_balanced[0m
[97m[INFO ] Selecting reference view using strategy: saddle_balanced[0m
[97m[INFO ] Selecting reference view using strategy: saddle_balanced[0m
[97m[INFO ] Selecting reference view using strategy: saddle_balanced[0m
[97m[INFO ] Selecting reference view using strategy: saddle_balanced[0m
[97m[INFO ] Selecting reference view using strategy: saddle_balanced[0m
[97m[INFO ] Selecting reference view using strategy: saddle_balanced[0m
[97m[INFO ] Selecting reference view using strategy: saddle_balanced[0m
[97m[INFO ] Selecting reference view using strategy: saddle_balanced[0m
[97m[INFO ] Selecting reference view using strategy: saddle_balanced[0m
[97m[INFO ] Selecting reference view using strategy: saddle_balanced[0m
[97m[INFO ] Selecting reference view using strategy: saddle_balanced[0m
[97m[INFO ] Selecting reference view using strategy: saddle_balanced[0m
[97m[INFO ] Selecting reference view using strategy: saddle_balanced[0m
[97m[INFO ] Selecting reference view using strategy: saddle_balanced[0m
[97m[INFO ] Selecting reference view using strategy: saddle_balanced[0m
[97m[INFO ] Selecting reference view using strategy: saddle_balanced[0m
[97m[INFO ] Selecting reference view using strategy: saddle_balanced[0m
[97m[INFO ] Selecting reference view using strategy: saddle_balanced[0m
[97m[INFO ] Selecting reference view using strategy: saddle_balanced[0m
[97m[INFO ] Selecting reference view using strategy: saddle_balanced[0m
[97m[INFO ] Selecting reference view using strategy: saddle_balanced[0m
[97m[INFO ] Selecting reference view using strategy: saddle_balanced[0m
[97m[INFO ] Selecting reference view using strategy: saddle_balanced[0m
[97m[INFO ] Selecting reference view using strategy: saddle_balanced[0m
[97m[INFO ] Selecting reference view using strategy: saddle_balanced[0m
[97m[INFO ] Selecting reference view using strategy: saddle_balanced[0m
[97m[INFO ] Selecting reference view using strategy: saddle_balanced[0m
[97m[INFO ] Selecting reference view using strategy: saddle_balanced[0m
[97m[INFO ] Selecting reference view using strategy: saddle_balanced[0m
[slambench]   clip 200/374 (500s)
[97m[INFO ] Selecting reference view using strategy: saddle_balanced[0m
[97m[INFO ] Selecting reference view using strategy: saddle_balanced[0m
[97m[INFO ] Selecting reference view using strategy: saddle_balanced[0m
[97m[INFO ] Selecting reference view using strategy: saddle_balanced[0m
[97m[INFO ] Selecting reference view using strategy: saddle_balanced[0m
[97m[INFO ] Selecting reference view using strategy: saddle_balanced[0m
[97m[INFO ] Selecting reference view using strategy: saddle_balanced[0m
[97m[INFO ] Selecting reference view using strategy: saddle_balanced[0m
[97m[INFO ] Selecting reference view using strategy: saddle_balanced[0m
[97m[INFO ] Selecting reference view using strategy: saddle_balanced[0m
[97m[INFO ] Selecting reference view using strategy: saddle_balanced[0m
[97m[INFO ] Selecting reference view using strategy: saddle_balanced[0m
[97m[INFO ] Selecting reference view using strategy: saddle_balanced[0m
[97m[INFO ] Selecting reference view using strategy: saddle_balanced[0m
[97m[INFO ] Selecting reference view using strategy: saddle_balanced[0m
[97m[INFO ] Selecting reference view using strategy: saddle_balanced[0m
[97m[INFO ] Selecting reference view using strategy: saddle_balanced[0m
[97m[INFO ] Selecting reference view using strategy: saddle_balanced[0m
[97m[INFO ] Selecting reference view using strategy: saddle_balanced[0m
[97m[INFO ] Selecting reference view using strategy: saddle_balanced[0m
[97m[INFO ] Selecting reference view using strategy: saddle_balanced[0m
[97m[INFO ] Selecting reference view using strategy: saddle_balanced[0m
[97m[INFO ] Selecting reference view using strategy: saddle_balanced[0m
[97m[INFO ] Selecting reference view using strategy: saddle_balanced[0m
[97m[INFO ] Selecting reference view using strategy: saddle_balanced[0m
[97m[INFO ] Selecting reference view using strategy: saddle_balanced[0m
[97m[INFO ] Selecting reference view using strategy: saddle_balanced[0m
[97m[INFO ] Selecting reference view using strategy: saddle_balanced[0m
[97m[INFO ] Selecting reference view using strategy: saddle_balanced[0m
[97m[INFO ] Selecting reference view using strategy: saddle_balanced[0m
[slambench]   clip 205/374 (511s)
[97m[INFO ] Selecting reference view using strategy: saddle_balanced[0m
[97m[INFO ] Selecting reference view using strategy: saddle_balanced[0m
[97m[INFO ] Selecting reference view using strategy: saddle_balanced[0m
[97m[INFO ] Selecting reference view using strategy: saddle_balanced[0m
[97m[INFO ] Selecting reference view using strategy: saddle_balanced[0m
[97m[INFO ] Selecting reference view using strategy: saddle_balanced[0m
[97m[INFO ] Selecting reference view using strategy: saddle_balanced[0m
[97m[INFO ] Selecting reference view using strategy: saddle_balanced[0m
[97m[INFO ] Selecting reference view using strategy: saddle_balanced[0m
[97m[INFO ] Selecting reference view using strategy: saddle_balanced[0m
[97m[INFO ] Selecting reference view using strategy: saddle_balanced[0m
[97m[INFO ] Selecting reference view using strategy: saddle_balanced[0m
[97m[INFO ] Selecting reference view using strategy: saddle_balanced[0m
[97m[INFO ] Selecting reference view using strategy: saddle_balanced[0m
[97m[INFO ] Selecting reference view using strategy: saddle_balanced[0m
[97m[INFO ] Selecting reference view using strategy: saddle_balanced[0m
[97m[INFO ] Selecting reference view using strategy: saddle_balanced[0m
[97m[INFO ] Selecting reference view using strategy: saddle_balanced[0m
[97m[INFO ] Selecting reference view using strategy: saddle_balanced[0m
[97m[INFO ] Selecting reference view using strategy: saddle_balanced[0m
[97m[INFO ] Selecting reference view using strategy: saddle_balanced[0m
[97m[INFO ] Selecting reference view using strategy: saddle_balanced[0m
[97m[INFO ] Selecting reference view using strategy: saddle_balanced[0m
[97m[INFO ] Selecting reference view using strategy: saddle_balanced[0m
[97m[INFO ] Selecting reference view using strategy: saddle_balanced[0m
[97m[INFO ] Selecting reference view using strategy: saddle_balanced[0m
[97m[INFO ] Selecting reference view using strategy: saddle_balanced[0m
[97m[INFO ] Selecting reference view using strategy: saddle_balanced[0m
[97m[INFO ] Selecting reference view using strategy: saddle_balanced[0m
[97m[INFO ] Selecting reference view using strategy: saddle_balanced[0m
[slambench]   clip 210/374 (522s)
[97m[INFO ] Selecting reference view using strategy: saddle_balanced[0m
[97m[INFO ] Selecting reference view using strategy: saddle_balanced[0m
[97m[INFO ] Selecting reference view using strategy: saddle_balanced[0m
[97m[INFO ] Selecting reference view using strategy: saddle_balanced[0m
[97m[INFO ] Selecting reference view using strategy: saddle_balanced[0m
[97m[INFO ] Selecting reference view using strategy: saddle_balanced[0m
[97m[INFO ] Selecting reference view using strategy: saddle_balanced[0m
[97m[INFO ] Selecting reference view using strategy: saddle_balanced[0m
[97m[INFO ] Selecting reference view using strategy: saddle_balanced[0m
[97m[INFO ] Selecting reference view using strategy: saddle_balanced[0m
[97m[INFO ] Selecting reference view using strategy: saddle_balanced[0m
[97m[INFO ] Selecting reference view using strategy: saddle_balanced[0m
[97m[INFO ] Selecting reference view using strategy: saddle_balanced[0m
[97m[INFO ] Selecting reference view using strategy: saddle_balanced[0m
[97m[INFO ] Selecting reference view using strategy: saddle_balanced[0m
[97m[INFO ] Selecting reference view using strategy: saddle_balanced[0m
[97m[INFO ] Selecting reference view using strategy: saddle_balanced[0m
[97m[INFO ] Selecting reference view using strategy: saddle_balanced[0m
[97m[INFO ] Selecting reference view using strategy: saddle_balanced[0m
[97m[INFO ] Selecting reference view using strategy: saddle_balanced[0m
[97m[INFO ] Selecting reference view using strategy: saddle_balanced[0m
[97m[INFO ] Selecting reference view using strategy: saddle_balanced[0m
[97m[INFO ] Selecting reference view using strategy: saddle_balanced[0m
[97m[INFO ] Selecting reference view using strategy: saddle_balanced[0m
[97m[INFO ] Selecting reference view using strategy: saddle_balanced[0m
[97m[INFO ] Selecting reference view using strategy: saddle_balanced[0m
[97m[INFO ] Selecting reference view using strategy: saddle_balanced[0m
[97m[INFO ] Selecting reference view using strategy: saddle_balanced[0m
[97m[INFO ] Selecting reference view using strategy: saddle_balanced[0m
[97m[INFO ] Selecting reference view using strategy: saddle_balanced[0m
[slambench]   clip 215/374 (533s)
[97m[INFO ] Selecting reference view using strategy: saddle_balanced[0m
[97m[INFO ] Selecting reference view using strategy: saddle_balanced[0m
[97m[INFO ] Selecting reference view using strategy: saddle_balanced[0m
[97m[INFO ] Selecting reference view using strategy: saddle_balanced[0m
[97m[INFO ] Selecting reference view using strategy: saddle_balanced[0m
[97m[INFO ] Selecting reference view using strategy: saddle_balanced[0m
[97m[INFO ] Selecting reference view using strategy: saddle_balanced[0m
[97m[INFO ] Selecting reference view using strategy: saddle_balanced[0m
[97m[INFO ] Selecting reference view using strategy: saddle_balanced[0m
[97m[INFO ] Selecting reference view using strategy: saddle_balanced[0m
[97m[INFO ] Selecting reference view using strategy: saddle_balanced[0m
[97m[INFO ] Selecting reference view using strategy: saddle_balanced[0m
[97m[INFO ] Selecting reference view using strategy: saddle_balanced[0m
[97m[INFO ] Selecting reference view using strategy: saddle_balanced[0m
[97m[INFO ] Selecting reference view using strategy: saddle_balanced[0m
[97m[INFO ] Selecting reference view using strategy: saddle_balanced[0m
[97m[INFO ] Selecting reference view using strategy: saddle_balanced[0m
[97m[INFO ] Selecting reference view using strategy: saddle_balanced[0m
[97m[INFO ] Selecting reference view using strategy: saddle_balanced[0m
[97m[INFO ] Selecting reference view using strategy: saddle_balanced[0m
[97m[INFO ] Selecting reference view using strategy: saddle_balanced[0m
[97m[INFO ] Selecting reference view using strategy: saddle_balanced[0m
[97m[INFO ] Selecting reference view using strategy: saddle_balanced[0m
[97m[INFO ] Selecting reference view using strategy: saddle_balanced[0m
[97m[INFO ] Selecting reference view using strategy: saddle_balanced[0m
[97m[INFO ] Selecting reference view using strategy: saddle_balanced[0m
[97m[INFO ] Selecting reference view using strategy: saddle_balanced[0m
[97m[INFO ] Selecting reference view using strategy: saddle_balanced[0m
[97m[INFO ] Selecting reference view using strategy: saddle_balanced[0m
[97m[INFO ] Selecting reference view using strategy: saddle_balanced[0m
[slambench]   clip 220/374 (544s)
[97m[INFO ] Selecting reference view using strategy: saddle_balanced[0m
[97m[INFO ] Selecting reference view using strategy: saddle_balanced[0m
[97m[INFO ] Selecting reference view using strategy: saddle_balanced[0m
[97m[INFO ] Selecting reference view using strategy: saddle_balanced[0m
[97m[INFO ] Selecting reference view using strategy: saddle_balanced[0m
[97m[INFO ] Selecting reference view using strategy: saddle_balanced[0m
[97m[INFO ] Selecting reference view using strategy: saddle_balanced[0m
[97m[INFO ] Selecting reference view using strategy: saddle_balanced[0m
[97m[INFO ] Selecting reference view using strategy: saddle_balanced[0m
[97m[INFO ] Selecting reference view using strategy: saddle_balanced[0m
[97m[INFO ] Selecting reference view using strategy: saddle_balanced[0m
[97m[INFO ] Selecting reference view using strategy: saddle_balanced[0m
[97m[INFO ] Selecting reference view using strategy: saddle_balanced[0m
[97m[INFO ] Selecting reference view using strategy: saddle_balanced[0m
[97m[INFO ] Selecting reference view using strategy: saddle_balanced[0m
[97m[INFO ] Selecting reference view using strategy: saddle_balanced[0m
[97m[INFO ] Selecting reference view using strategy: saddle_balanced[0m
[97m[INFO ] Selecting reference view using strategy: saddle_balanced[0m
[97m[INFO ] Selecting reference view using strategy: saddle_balanced[0m
[97m[INFO ] Selecting reference view using strategy: saddle_balanced[0m
[97m[INFO ] Selecting reference view using strategy: saddle_balanced[0m
[97m[INFO ] Selecting reference view using strategy: saddle_balanced[0m
[97m[INFO ] Selecting reference view using strategy: saddle_balanced[0m
[97m[INFO ] Selecting reference view using strategy: saddle_balanced[0m
[97m[INFO ] Selecting reference view using strategy: saddle_balanced[0m
[97m[INFO ] Selecting reference view using strategy: saddle_balanced[0m
[97m[INFO ] Selecting reference view using strategy: saddle_balanced[0m
[97m[INFO ] Selecting reference view using strategy: saddle_balanced[0m
[97m[INFO ] Selecting reference view using strategy: saddle_balanced[0m
[97m[INFO ] Selecting reference view using strategy: saddle_balanced[0m
[slambench]   clip 225/374 (555s)
[97m[INFO ] Selecting reference view using strategy: saddle_balanced[0m
[97m[INFO ] Selecting reference view using strategy: saddle_balanced[0m
[97m[INFO ] Selecting reference view using strategy: saddle_balanced[0m
[97m[INFO ] Selecting reference view using strategy: saddle_balanced[0m
[97m[INFO ] Selecting reference view using strategy: saddle_balanced[0m
[97m[INFO ] Selecting reference view using strategy: saddle_balanced[0m
[97m[INFO ] Selecting reference view using strategy: saddle_balanced[0m
[97m[INFO ] Selecting reference view using strategy: saddle_balanced[0m
[97m[INFO ] Selecting reference view using strategy: saddle_balanced[0m
[97m[INFO ] Selecting reference view using strategy: saddle_balanced[0m
[97m[INFO ] Selecting reference view using strategy: saddle_balanced[0m
[97m[INFO ] Selecting reference view using strategy: saddle_balanced[0m
[97m[INFO ] Selecting reference view using strategy: saddle_balanced[0m
[97m[INFO ] Selecting reference view using strategy: saddle_balanced[0m
[97m[INFO ] Selecting reference view using strategy: saddle_balanced[0m
[97m[INFO ] Selecting reference view using strategy: saddle_balanced[0m
[97m[INFO ] Selecting reference view using strategy: saddle_balanced[0m
[97m[INFO ] Selecting reference view using strategy: saddle_balanced[0m
[97m[INFO ] Selecting reference view using strategy: saddle_balanced[0m
[97m[INFO ] Selecting reference view using strategy: saddle_balanced[0m
[97m[INFO ] Selecting reference view using strategy: saddle_balanced[0m
[97m[INFO ] Selecting reference view using strategy: saddle_balanced[0m
[97m[INFO ] Selecting reference view using strategy: saddle_balanced[0m
[97m[INFO ] Selecting reference view using strategy: saddle_balanced[0m
[97m[INFO ] Selecting reference view using strategy: saddle_balanced[0m
[97m[INFO ] Selecting reference view using strategy: saddle_balanced[0m
[97m[INFO ] Selecting reference view using strategy: saddle_balanced[0m
[97m[INFO ] Selecting reference view using strategy: saddle_balanced[0m
[97m[INFO ] Selecting reference view using strategy: saddle_balanced[0m
[97m[INFO ] Selecting reference view using strategy: saddle_balanced[0m
[slambench]   clip 230/374 (566s)
[97m[INFO ] Selecting reference view using strategy: saddle_balanced[0m
[97m[INFO ] Selecting reference view using strategy: saddle_balanced[0m
[97m[INFO ] Selecting reference view using strategy: saddle_balanced[0m
[97m[INFO ] Selecting reference view using strategy: saddle_balanced[0m
[97m[INFO ] Selecting reference view using strategy: saddle_balanced[0m
[97m[INFO ] Selecting reference view using strategy: saddle_balanced[0m
[97m[INFO ] Selecting reference view using strategy: saddle_balanced[0m
[97m[INFO ] Selecting reference view using strategy: saddle_balanced[0m
[97m[INFO ] Selecting reference view using strategy: saddle_balanced[0m
[97m[INFO ] Selecting reference view using strategy: saddle_balanced[0m
[97m[INFO ] Selecting reference view using strategy: saddle_balanced[0m
[97m[INFO ] Selecting reference view using strategy: saddle_balanced[0m
[97m[INFO ] Selecting reference view using strategy: saddle_balanced[0m
[97m[INFO ] Selecting reference view using strategy: saddle_balanced[0m
[97m[INFO ] Selecting reference view using strategy: saddle_balanced[0m
[97m[INFO ] Selecting reference view using strategy: saddle_balanced[0m
[97m[INFO ] Selecting reference view using strategy: saddle_balanced[0m
[97m[INFO ] Selecting reference view using strategy: saddle_balanced[0m
[97m[INFO ] Selecting reference view using strategy: saddle_balanced[0m
[97m[INFO ] Selecting reference view using strategy: saddle_balanced[0m
[97m[INFO ] Selecting reference view using strategy: saddle_balanced[0m
[97m[INFO ] Selecting reference view using strategy: saddle_balanced[0m
[97m[INFO ] Selecting reference view using strategy: saddle_balanced[0m
[97m[INFO ] Selecting reference view using strategy: saddle_balanced[0m
[97m[INFO ] Selecting reference view using strategy: saddle_balanced[0m
[97m[INFO ] Selecting reference view using strategy: saddle_balanced[0m
[97m[INFO ] Selecting reference view using strategy: saddle_balanced[0m
[97m[INFO ] Selecting reference view using strategy: saddle_balanced[0m
[97m[INFO ] Selecting reference view using strategy: saddle_balanced[0m
[97m[INFO ] Selecting reference view using strategy: saddle_balanced[0m
[slambench]   clip 235/374 (577s)
[97m[INFO ] Selecting reference view using strategy: saddle_balanced[0m
[97m[INFO ] Selecting reference view using strategy: saddle_balanced[0m
[97m[INFO ] Selecting reference view using strategy: saddle_balanced[0m
[97m[INFO ] Selecting reference view using strategy: saddle_balanced[0m
[97m[INFO ] Selecting reference view using strategy: saddle_balanced[0m
[97m[INFO ] Selecting reference view using strategy: saddle_balanced[0m
[97m[INFO ] Selecting reference view using strategy: saddle_balanced[0m
[97m[INFO ] Selecting reference view using strategy: saddle_balanced[0m
[97m[INFO ] Selecting reference view using strategy: saddle_balanced[0m
[97m[INFO ] Selecting reference view using strategy: saddle_balanced[0m
[97m[INFO ] Selecting reference view using strategy: saddle_balanced[0m
[97m[INFO ] Selecting reference view using strategy: saddle_balanced[0m
[97m[INFO ] Selecting reference view using strategy: saddle_balanced[0m
[97m[INFO ] Selecting reference view using strategy: saddle_balanced[0m
[97m[INFO ] Selecting reference view using strategy: saddle_balanced[0m
[97m[INFO ] Selecting reference view using strategy: saddle_balanced[0m
[97m[INFO ] Selecting reference view using strategy: saddle_balanced[0m
[97m[INFO ] Selecting reference view using strategy: saddle_balanced[0m
[97m[INFO ] Selecting reference view using strategy: saddle_balanced[0m
[97m[INFO ] Selecting reference view using strategy: saddle_balanced[0m
[97m[INFO ] Selecting reference view using strategy: saddle_balanced[0m
[97m[INFO ] Selecting reference view using strategy: saddle_balanced[0m
[97m[INFO ] Selecting reference view using strategy: saddle_balanced[0m
[97m[INFO ] Selecting reference view using strategy: saddle_balanced[0m
[97m[INFO ] Selecting reference view using strategy: saddle_balanced[0m
[97m[INFO ] Selecting reference view using strategy: saddle_balanced[0m
[97m[INFO ] Selecting reference view using strategy: saddle_balanced[0m
[97m[INFO ] Selecting reference view using strategy: saddle_balanced[0m
[97m[INFO ] Selecting reference view using strategy: saddle_balanced[0m
[97m[INFO ] Selecting reference view using strategy: saddle_balanced[0m
[slambench]   clip 240/374 (589s)
[97m[INFO ] Selecting reference view using strategy: saddle_balanced[0m
[97m[INFO ] Selecting reference view using strategy: saddle_balanced[0m
[97m[INFO ] Selecting reference view using strategy: saddle_balanced[0m
[97m[INFO ] Selecting reference view using strategy: saddle_balanced[0m
[97m[INFO ] Selecting reference view using strategy: saddle_balanced[0m
[97m[INFO ] Selecting reference view using strategy: saddle_balanced[0m
[97m[INFO ] Selecting reference view using strategy: saddle_balanced[0m
[97m[INFO ] Selecting reference view using strategy: saddle_balanced[0m
[97m[INFO ] Selecting reference view using strategy: saddle_balanced[0m
[97m[INFO ] Selecting reference view using strategy: saddle_balanced[0m
[97m[INFO ] Selecting reference view using strategy: saddle_balanced[0m
[97m[INFO ] Selecting reference view using strategy: saddle_balanced[0m
[97m[INFO ] Selecting reference view using strategy: saddle_balanced[0m
[97m[INFO ] Selecting reference view using strategy: saddle_balanced[0m
[97m[INFO ] Selecting reference view using strategy: saddle_balanced[0m
[97m[INFO ] Selecting reference view using strategy: saddle_balanced[0m
[97m[INFO ] Selecting reference view using strategy: saddle_balanced[0m
[97m[INFO ] Selecting reference view using strategy: saddle_balanced[0m
[97m[INFO ] Selecting reference view using strategy: saddle_balanced[0m
[97m[INFO ] Selecting reference view using strategy: saddle_balanced[0m
[97m[INFO ] Selecting reference view using strategy: saddle_balanced[0m
[97m[INFO ] Selecting reference view using strategy: saddle_balanced[0m
[97m[INFO ] Selecting reference view using strategy: saddle_balanced[0m
[97m[INFO ] Selecting reference view using strategy: saddle_balanced[0m
[97m[INFO ] Selecting reference view using strategy: saddle_balanced[0m
[97m[INFO ] Selecting reference view using strategy: saddle_balanced[0m
[97m[INFO ] Selecting reference view using strategy: saddle_balanced[0m
[97m[INFO ] Selecting reference view using strategy: saddle_balanced[0m
[97m[INFO ] Selecting reference view using strategy: saddle_balanced[0m
[97m[INFO ] Selecting reference view using strategy: saddle_balanced[0m
[slambench]   clip 245/374 (600s)
[97m[INFO ] Selecting reference view using strategy: saddle_balanced[0m
[97m[INFO ] Selecting reference view using strategy: saddle_balanced[0m
[97m[INFO ] Selecting reference view using strategy: saddle_balanced[0m
[97m[INFO ] Selecting reference view using strategy: saddle_balanced[0m
[97m[INFO ] Selecting reference view using strategy: saddle_balanced[0m
[97m[INFO ] Selecting reference view using strategy: saddle_balanced[0m
[97m[INFO ] Selecting reference view using strategy: saddle_balanced[0m
[97m[INFO ] Selecting reference view using strategy: saddle_balanced[0m
[97m[INFO ] Selecting reference view using strategy: saddle_balanced[0m
[97m[INFO ] Selecting reference view using strategy: saddle_balanced[0m
[97m[INFO ] Selecting reference view using strategy: saddle_balanced[0m
[97m[INFO ] Selecting reference view using strategy: saddle_balanced[0m
[97m[INFO ] Selecting reference view using strategy: saddle_balanced[0m
[97m[INFO ] Selecting reference view using strategy: saddle_balanced[0m
[97m[INFO ] Selecting reference view using strategy: saddle_balanced[0m
[97m[INFO ] Selecting reference view using strategy: saddle_balanced[0m
[97m[INFO ] Selecting reference view using strategy: saddle_balanced[0m
[97m[INFO ] Selecting reference view using strategy: saddle_balanced[0m
[97m[INFO ] Selecting reference view using strategy: saddle_balanced[0m
[97m[INFO ] Selecting reference view using strategy: saddle_balanced[0m
[97m[INFO ] Selecting reference view using strategy: saddle_balanced[0m
[97m[INFO ] Selecting reference view using strategy: saddle_balanced[0m
[97m[INFO ] Selecting reference view using strategy: saddle_balanced[0m
[97m[INFO ] Selecting reference view using strategy: saddle_balanced[0m
[97m[INFO ] Selecting reference view using strategy: saddle_balanced[0m
[97m[INFO ] Selecting reference view using strategy: saddle_balanced[0m
[97m[INFO ] Selecting reference view using strategy: saddle_balanced[0m
[97m[INFO ] Selecting reference view using strategy: saddle_balanced[0m
[97m[INFO ] Selecting reference view using strategy: saddle_balanced[0m
[97m[INFO ] Selecting reference view using strategy: saddle_balanced[0m
[slambench]   clip 250/374 (611s)
[97m[INFO ] Selecting reference view using strategy: saddle_balanced[0m
[97m[INFO ] Selecting reference view using strategy: saddle_balanced[0m
[97m[INFO ] Selecting reference view using strategy: saddle_balanced[0m
[97m[INFO ] Selecting reference view using strategy: saddle_balanced[0m
[97m[INFO ] Selecting reference view using strategy: saddle_balanced[0m
[97m[INFO ] Selecting reference view using strategy: saddle_balanced[0m
[97m[INFO ] Selecting reference view using strategy: saddle_balanced[0m
[97m[INFO ] Selecting reference view using strategy: saddle_balanced[0m
[97m[INFO ] Selecting reference view using strategy: saddle_balanced[0m
[97m[INFO ] Selecting reference view using strategy: saddle_balanced[0m
[97m[INFO ] Selecting reference view using strategy: saddle_balanced[0m
[97m[INFO ] Selecting reference view using strategy: saddle_balanced[0m
[97m[INFO ] Selecting reference view using strategy: saddle_balanced[0m
[97m[INFO ] Selecting reference view using strategy: saddle_balanced[0m
[97m[INFO ] Selecting reference view using strategy: saddle_balanced[0m
[97m[INFO ] Selecting reference view using strategy: saddle_balanced[0m
[97m[INFO ] Selecting reference view using strategy: saddle_balanced[0m
[97m[INFO ] Selecting reference view using strategy: saddle_balanced[0m
[97m[INFO ] Selecting reference view using strategy: saddle_balanced[0m
[97m[INFO ] Selecting reference view using strategy: saddle_balanced[0m
[97m[INFO ] Selecting reference view using strategy: saddle_balanced[0m
[97m[INFO ] Selecting reference view using strategy: saddle_balanced[0m
[97m[INFO ] Selecting reference view using strategy: saddle_balanced[0m
[97m[INFO ] Selecting reference view using strategy: saddle_balanced[0m
[97m[INFO ] Selecting reference view using strategy: saddle_balanced[0m
[97m[INFO ] Selecting reference view using strategy: saddle_balanced[0m
[97m[INFO ] Selecting reference view using strategy: saddle_balanced[0m
[97m[INFO ] Selecting reference view using strategy: saddle_balanced[0m
[97m[INFO ] Selecting reference view using strategy: saddle_balanced[0m
[97m[INFO ] Selecting reference view using strategy: saddle_balanced[0m
[slambench]   clip 255/374 (622s)
[97m[INFO ] Selecting reference view using strategy: saddle_balanced[0m
[97m[INFO ] Selecting reference view using strategy: saddle_balanced[0m
[97m[INFO ] Selecting reference view using strategy: saddle_balanced[0m
[97m[INFO ] Selecting reference view using strategy: saddle_balanced[0m
[97m[INFO ] Selecting reference view using strategy: saddle_balanced[0m
[97m[INFO ] Selecting reference view using strategy: saddle_balanced[0m
[97m[INFO ] Selecting reference view using strategy: saddle_balanced[0m
[97m[INFO ] Selecting reference view using strategy: saddle_balanced[0m
[97m[INFO ] Selecting reference view using strategy: saddle_balanced[0m
[97m[INFO ] Selecting reference view using strategy: saddle_balanced[0m
[97m[INFO ] Selecting reference view using strategy: saddle_balanced[0m
[97m[INFO ] Selecting reference view using strategy: saddle_balanced[0m
[97m[INFO ] Selecting reference view using strategy: saddle_balanced[0m
[97m[INFO ] Selecting reference view using strategy: saddle_balanced[0m
[97m[INFO ] Selecting reference view using strategy: saddle_balanced[0m
[97m[INFO ] Selecting reference view using strategy: saddle_balanced[0m
[97m[INFO ] Selecting reference view using strategy: saddle_balanced[0m
[97m[INFO ] Selecting reference view using strategy: saddle_balanced[0m
[97m[INFO ] Selecting reference view using strategy: saddle_balanced[0m
[97m[INFO ] Selecting reference view using strategy: saddle_balanced[0m
[97m[INFO ] Selecting reference view using strategy: saddle_balanced[0m
[97m[INFO ] Selecting reference view using strategy: saddle_balanced[0m
[97m[INFO ] Selecting reference view using strategy: saddle_balanced[0m
[97m[INFO ] Selecting reference view using strategy: saddle_balanced[0m
[97m[INFO ] Selecting reference view using strategy: saddle_balanced[0m
[97m[INFO ] Selecting reference view using strategy: saddle_balanced[0m
[97m[INFO ] Selecting reference view using strategy: saddle_balanced[0m
[97m[INFO ] Selecting reference view using strategy: saddle_balanced[0m
[97m[INFO ] Selecting reference view using strategy: saddle_balanced[0m
[97m[INFO ] Selecting reference view using strategy: saddle_balanced[0m
[slambench]   clip 260/374 (633s)
[97m[INFO ] Selecting reference view using strategy: saddle_balanced[0m
[97m[INFO ] Selecting reference view using strategy: saddle_balanced[0m
[97m[INFO ] Selecting reference view using strategy: saddle_balanced[0m
[97m[INFO ] Selecting reference view using strategy: saddle_balanced[0m
[97m[INFO ] Selecting reference view using strategy: saddle_balanced[0m
[97m[INFO ] Selecting reference view using strategy: saddle_balanced[0m
[97m[INFO ] Selecting reference view using strategy: saddle_balanced[0m
[97m[INFO ] Selecting reference view using strategy: saddle_balanced[0m
[97m[INFO ] Selecting reference view using strategy: saddle_balanced[0m
[97m[INFO ] Selecting reference view using strategy: saddle_balanced[0m
[97m[INFO ] Selecting reference view using strategy: saddle_balanced[0m
[97m[INFO ] Selecting reference view using strategy: saddle_balanced[0m
[97m[INFO ] Selecting reference view using strategy: saddle_balanced[0m
[97m[INFO ] Selecting reference view using strategy: saddle_balanced[0m
[97m[INFO ] Selecting reference view using strategy: saddle_balanced[0m
[97m[INFO ] Selecting reference view using strategy: saddle_balanced[0m
[97m[INFO ] Selecting reference view using strategy: saddle_balanced[0m
[97m[INFO ] Selecting reference view using strategy: saddle_balanced[0m
[97m[INFO ] Selecting reference view using strategy: saddle_balanced[0m
[97m[INFO ] Selecting reference view using strategy: saddle_balanced[0m
[97m[INFO ] Selecting reference view using strategy: saddle_balanced[0m
[97m[INFO ] Selecting reference view using strategy: saddle_balanced[0m
[97m[INFO ] Selecting reference view using strategy: saddle_balanced[0m
[97m[INFO ] Selecting reference view using strategy: saddle_balanced[0m
[97m[INFO ] Selecting reference view using strategy: saddle_balanced[0m
[97m[INFO ] Selecting reference view using strategy: saddle_balanced[0m
[97m[INFO ] Selecting reference view using strategy: saddle_balanced[0m
[97m[INFO ] Selecting reference view using strategy: saddle_balanced[0m
[97m[INFO ] Selecting reference view using strategy: saddle_balanced[0m
[97m[INFO ] Selecting reference view using strategy: saddle_balanced[0m
[slambench]   clip 265/374 (644s)
[97m[INFO ] Selecting reference view using strategy: saddle_balanced[0m
[97m[INFO ] Selecting reference view using strategy: saddle_balanced[0m
[97m[INFO ] Selecting reference view using strategy: saddle_balanced[0m
[97m[INFO ] Selecting reference view using strategy: saddle_balanced[0m
[97m[INFO ] Selecting reference view using strategy: saddle_balanced[0m
[97m[INFO ] Selecting reference view using strategy: saddle_balanced[0m
[97m[INFO ] Selecting reference view using strategy: saddle_balanced[0m
[97m[INFO ] Selecting reference view using strategy: saddle_balanced[0m
[97m[INFO ] Selecting reference view using strategy: saddle_balanced[0m
[97m[INFO ] Selecting reference view using strategy: saddle_balanced[0m
[97m[INFO ] Selecting reference view using strategy: saddle_balanced[0m
[97m[INFO ] Selecting reference view using strategy: saddle_balanced[0m
[97m[INFO ] Selecting reference view using strategy: saddle_balanced[0m
[97m[INFO ] Selecting reference view using strategy: saddle_balanced[0m
[97m[INFO ] Selecting reference view using strategy: saddle_balanced[0m
[97m[INFO ] Selecting reference view using strategy: saddle_balanced[0m
[97m[INFO ] Selecting reference view using strategy: saddle_balanced[0m
[97m[INFO ] Selecting reference view using strategy: saddle_balanced[0m
[97m[INFO ] Selecting reference view using strategy: saddle_balanced[0m
[97m[INFO ] Selecting reference view using strategy: saddle_balanced[0m
[97m[INFO ] Selecting reference view using strategy: saddle_balanced[0m
[97m[INFO ] Selecting reference view using strategy: saddle_balanced[0m
[97m[INFO ] Selecting reference view using strategy: saddle_balanced[0m
[97m[INFO ] Selecting reference view using strategy: saddle_balanced[0m
[97m[INFO ] Selecting reference view using strategy: saddle_balanced[0m
[97m[INFO ] Selecting reference view using strategy: saddle_balanced[0m
[97m[INFO ] Selecting reference view using strategy: saddle_balanced[0m
[97m[INFO ] Selecting reference view using strategy: saddle_balanced[0m
[97m[INFO ] Selecting reference view using strategy: saddle_balanced[0m
[97m[INFO ] Selecting reference view using strategy: saddle_balanced[0m
[slambench]   clip 270/374 (655s)
[97m[INFO ] Selecting reference view using strategy: saddle_balanced[0m
[97m[INFO ] Selecting reference view using strategy: saddle_balanced[0m
[97m[INFO ] Selecting reference view using strategy: saddle_balanced[0m
[97m[INFO ] Selecting reference view using strategy: saddle_balanced[0m
[97m[INFO ] Selecting reference view using strategy: saddle_balanced[0m
[97m[INFO ] Selecting reference view using strategy: saddle_balanced[0m
[97m[INFO ] Selecting reference view using strategy: saddle_balanced[0m
[97m[INFO ] Selecting reference view using strategy: saddle_balanced[0m
[97m[INFO ] Selecting reference view using strategy: saddle_balanced[0m
[97m[INFO ] Selecting reference view using strategy: saddle_balanced[0m
[97m[INFO ] Selecting reference view using strategy: saddle_balanced[0m
[97m[INFO ] Selecting reference view using strategy: saddle_balanced[0m
[97m[INFO ] Selecting reference view using strategy: saddle_balanced[0m
[97m[INFO ] Selecting reference view using strategy: saddle_balanced[0m
[97m[INFO ] Selecting reference view using strategy: saddle_balanced[0m
[97m[INFO ] Selecting reference view using strategy: saddle_balanced[0m
[97m[INFO ] Selecting reference view using strategy: saddle_balanced[0m
[97m[INFO ] Selecting reference view using strategy: saddle_balanced[0m
[97m[INFO ] Selecting reference view using strategy: saddle_balanced[0m
[97m[INFO ] Selecting reference view using strategy: saddle_balanced[0m
[97m[INFO ] Selecting reference view using strategy: saddle_balanced[0m
[97m[INFO ] Selecting reference view using strategy: saddle_balanced[0m
[97m[INFO ] Selecting reference view using strategy: saddle_balanced[0m
[97m[INFO ] Selecting reference view using strategy: saddle_balanced[0m
[97m[INFO ] Selecting reference view using strategy: saddle_balanced[0m
[97m[INFO ] Selecting reference view using strategy: saddle_balanced[0m
[97m[INFO ] Selecting reference view using strategy: saddle_balanced[0m
[97m[INFO ] Selecting reference view using strategy: saddle_balanced[0m
[97m[INFO ] Selecting reference view using strategy: saddle_balanced[0m
[97m[INFO ] Selecting reference view using strategy: saddle_balanced[0m
[slambench]   clip 275/374 (666s)
[97m[INFO ] Selecting reference view using strategy: saddle_balanced[0m
[97m[INFO ] Selecting reference view using strategy: saddle_balanced[0m
[97m[INFO ] Selecting reference view using strategy: saddle_balanced[0m
[97m[INFO ] Selecting reference view using strategy: saddle_balanced[0m
[97m[INFO ] Selecting reference view using strategy: saddle_balanced[0m
[97m[INFO ] Selecting reference view using strategy: saddle_balanced[0m
[97m[INFO ] Selecting reference view using strategy: saddle_balanced[0m
[97m[INFO ] Selecting reference view using strategy: saddle_balanced[0m
[97m[INFO ] Selecting reference view using strategy: saddle_balanced[0m
[97m[INFO ] Selecting reference view using strategy: saddle_balanced[0m
[97m[INFO ] Selecting reference view using strategy: saddle_balanced[0m
[97m[INFO ] Selecting reference view using strategy: saddle_balanced[0m
[97m[INFO ] Selecting reference view using strategy: saddle_balanced[0m
[97m[INFO ] Selecting reference view using strategy: saddle_balanced[0m
[97m[INFO ] Selecting reference view using strategy: saddle_balanced[0m
[97m[INFO ] Selecting reference view using strategy: saddle_balanced[0m
[97m[INFO ] Selecting reference view using strategy: saddle_balanced[0m
[97m[INFO ] Selecting reference view using strategy: saddle_balanced[0m
[97m[INFO ] Selecting reference view using strategy: saddle_balanced[0m
[97m[INFO ] Selecting reference view using strategy: saddle_balanced[0m
[97m[INFO ] Selecting reference view using strategy: saddle_balanced[0m
[97m[INFO ] Selecting reference view using strategy: saddle_balanced[0m
[97m[INFO ] Selecting reference view using strategy: saddle_balanced[0m
[97m[INFO ] Selecting reference view using strategy: saddle_balanced[0m
[97m[INFO ] Selecting reference view using strategy: saddle_balanced[0m
[97m[INFO ] Selecting reference view using strategy: saddle_balanced[0m
[97m[INFO ] Selecting reference view using strategy: saddle_balanced[0m
[97m[INFO ] Selecting reference view using strategy: saddle_balanced[0m
[97m[INFO ] Selecting reference view using strategy: saddle_balanced[0m
[97m[INFO ] Selecting reference view using strategy: saddle_balanced[0m
[slambench]   clip 280/374 (677s)
[97m[INFO ] Selecting reference view using strategy: saddle_balanced[0m
[97m[INFO ] Selecting reference view using strategy: saddle_balanced[0m
[97m[INFO ] Selecting reference view using strategy: saddle_balanced[0m
[97m[INFO ] Selecting reference view using strategy: saddle_balanced[0m
[97m[INFO ] Selecting reference view using strategy: saddle_balanced[0m
[97m[INFO ] Selecting reference view using strategy: saddle_balanced[0m
[97m[INFO ] Selecting reference view using strategy: saddle_balanced[0m
[97m[INFO ] Selecting reference view using strategy: saddle_balanced[0m
[97m[INFO ] Selecting reference view using strategy: saddle_balanced[0m
[97m[INFO ] Selecting reference view using strategy: saddle_balanced[0m
[97m[INFO ] Selecting reference view using strategy: saddle_balanced[0m
[97m[INFO ] Selecting reference view using strategy: saddle_balanced[0m
[97m[INFO ] Selecting reference view using strategy: saddle_balanced[0m
[97m[INFO ] Selecting reference view using strategy: saddle_balanced[0m
[97m[INFO ] Selecting reference view using strategy: saddle_balanced[0m
[97m[INFO ] Selecting reference view using strategy: saddle_balanced[0m
[97m[INFO ] Selecting reference view using strategy: saddle_balanced[0m
[97m[INFO ] Selecting reference view using strategy: saddle_balanced[0m
[97m[INFO ] Selecting reference view using strategy: saddle_balanced[0m
[97m[INFO ] Selecting reference view using strategy: saddle_balanced[0m
[97m[INFO ] Selecting reference view using strategy: saddle_balanced[0m
[97m[INFO ] Selecting reference view using strategy: saddle_balanced[0m
[97m[INFO ] Selecting reference view using strategy: saddle_balanced[0m
[97m[INFO ] Selecting reference view using strategy: saddle_balanced[0m
[97m[INFO ] Selecting reference view using strategy: saddle_balanced[0m
[97m[INFO ] Selecting reference view using strategy: saddle_balanced[0m
[97m[INFO ] Selecting reference view using strategy: saddle_balanced[0m
[97m[INFO ] Selecting reference view using strategy: saddle_balanced[0m
[97m[INFO ] Selecting reference view using strategy: saddle_balanced[0m
[97m[INFO ] Selecting reference view using strategy: saddle_balanced[0m
[slambench]   clip 285/374 (688s)
[97m[INFO ] Selecting reference view using strategy: saddle_balanced[0m
[97m[INFO ] Selecting reference view using strategy: saddle_balanced[0m
[97m[INFO ] Selecting reference view using strategy: saddle_balanced[0m
[97m[INFO ] Selecting reference view using strategy: saddle_balanced[0m
[97m[INFO ] Selecting reference view using strategy: saddle_balanced[0m
[97m[INFO ] Selecting reference view using strategy: saddle_balanced[0m
[97m[INFO ] Selecting reference view using strategy: saddle_balanced[0m
[97m[INFO ] Selecting reference view using strategy: saddle_balanced[0m
[97m[INFO ] Selecting reference view using strategy: saddle_balanced[0m
[97m[INFO ] Selecting reference view using strategy: saddle_balanced[0m
[97m[INFO ] Selecting reference view using strategy: saddle_balanced[0m
[97m[INFO ] Selecting reference view using strategy: saddle_balanced[0m
[97m[INFO ] Selecting reference view using strategy: saddle_balanced[0m
[97m[INFO ] Selecting reference view using strategy: saddle_balanced[0m
[97m[INFO ] Selecting reference view using strategy: saddle_balanced[0m
[97m[INFO ] Selecting reference view using strategy: saddle_balanced[0m
[97m[INFO ] Selecting reference view using strategy: saddle_balanced[0m
[97m[INFO ] Selecting reference view using strategy: saddle_balanced[0m
[97m[INFO ] Selecting reference view using strategy: saddle_balanced[0m
[97m[INFO ] Selecting reference view using strategy: saddle_balanced[0m
[97m[INFO ] Selecting reference view using strategy: saddle_balanced[0m
[97m[INFO ] Selecting reference view using strategy: saddle_balanced[0m
[97m[INFO ] Selecting reference view using strategy: saddle_balanced[0m
[97m[INFO ] Selecting reference view using strategy: saddle_balanced[0m
[97m[INFO ] Selecting reference view using strategy: saddle_balanced[0m
[97m[INFO ] Selecting reference view using strategy: saddle_balanced[0m
[97m[INFO ] Selecting reference view using strategy: saddle_balanced[0m
[97m[INFO ] Selecting reference view using strategy: saddle_balanced[0m
[97m[INFO ] Selecting reference view using strategy: saddle_balanced[0m
[97m[INFO ] Selecting reference view using strategy: saddle_balanced[0m
[slambench]   clip 290/374 (699s)
[97m[INFO ] Selecting reference view using strategy: saddle_balanced[0m
[97m[INFO ] Selecting reference view using strategy: saddle_balanced[0m
[97m[INFO ] Selecting reference view using strategy: saddle_balanced[0m
[97m[INFO ] Selecting reference view using strategy: saddle_balanced[0m
[97m[INFO ] Selecting reference view using strategy: saddle_balanced[0m
[97m[INFO ] Selecting reference view using strategy: saddle_balanced[0m
[97m[INFO ] Selecting reference view using strategy: saddle_balanced[0m
[97m[INFO ] Selecting reference view using strategy: saddle_balanced[0m
[97m[INFO ] Selecting reference view using strategy: saddle_balanced[0m
[97m[INFO ] Selecting reference view using strategy: saddle_balanced[0m
[97m[INFO ] Selecting reference view using strategy: saddle_balanced[0m
[97m[INFO ] Selecting reference view using strategy: saddle_balanced[0m
[97m[INFO ] Selecting reference view using strategy: saddle_balanced[0m
[97m[INFO ] Selecting reference view using strategy: saddle_balanced[0m
[97m[INFO ] Selecting reference view using strategy: saddle_balanced[0m
[97m[INFO ] Selecting reference view using strategy: saddle_balanced[0m
[97m[INFO ] Selecting reference view using strategy: saddle_balanced[0m
[97m[INFO ] Selecting reference view using strategy: saddle_balanced[0m
[97m[INFO ] Selecting reference view using strategy: saddle_balanced[0m
[97m[INFO ] Selecting reference view using strategy: saddle_balanced[0m
[97m[INFO ] Selecting reference view using strategy: saddle_balanced[0m
[97m[INFO ] Selecting reference view using strategy: saddle_balanced[0m
[97m[INFO ] Selecting reference view using strategy: saddle_balanced[0m
[97m[INFO ] Selecting reference view using strategy: saddle_balanced[0m
[97m[INFO ] Selecting reference view using strategy: saddle_balanced[0m
[97m[INFO ] Selecting reference view using strategy: saddle_balanced[0m
[97m[INFO ] Selecting reference view using strategy: saddle_balanced[0m
[97m[INFO ] Selecting reference view using strategy: saddle_balanced[0m
[97m[INFO ] Selecting reference view using strategy: saddle_balanced[0m
[97m[INFO ] Selecting reference view using strategy: saddle_balanced[0m
[slambench]   clip 295/374 (710s)
[97m[INFO ] Selecting reference view using strategy: saddle_balanced[0m
[97m[INFO ] Selecting reference view using strategy: saddle_balanced[0m
[97m[INFO ] Selecting reference view using strategy: saddle_balanced[0m
[97m[INFO ] Selecting reference view using strategy: saddle_balanced[0m
[97m[INFO ] Selecting reference view using strategy: saddle_balanced[0m
[97m[INFO ] Selecting reference view using strategy: saddle_balanced[0m
[97m[INFO ] Selecting reference view using strategy: saddle_balanced[0m
[97m[INFO ] Selecting reference view using strategy: saddle_balanced[0m
[97m[INFO ] Selecting reference view using strategy: saddle_balanced[0m
[97m[INFO ] Selecting reference view using strategy: saddle_balanced[0m
[97m[INFO ] Selecting reference view using strategy: saddle_balanced[0m
[97m[INFO ] Selecting reference view using strategy: saddle_balanced[0m
[97m[INFO ] Selecting reference view using strategy: saddle_balanced[0m
[97m[INFO ] Selecting reference view using strategy: saddle_balanced[0m
[97m[INFO ] Selecting reference view using strategy: saddle_balanced[0m
[97m[INFO ] Selecting reference view using strategy: saddle_balanced[0m
[97m[INFO ] Selecting reference view using strategy: saddle_balanced[0m
[97m[INFO ] Selecting reference view using strategy: saddle_balanced[0m
[97m[INFO ] Selecting reference view using strategy: saddle_balanced[0m
[97m[INFO ] Selecting reference view using strategy: saddle_balanced[0m
[97m[INFO ] Selecting reference view using strategy: saddle_balanced[0m
[97m[INFO ] Selecting reference view using strategy: saddle_balanced[0m
[97m[INFO ] Selecting reference view using strategy: saddle_balanced[0m
[97m[INFO ] Selecting reference view using strategy: saddle_balanced[0m
[97m[INFO ] Selecting reference view using strategy: saddle_balanced[0m
[97m[INFO ] Selecting reference view using strategy: saddle_balanced[0m
[97m[INFO ] Selecting reference view using strategy: saddle_balanced[0m
[97m[INFO ] Selecting reference view using strategy: saddle_balanced[0m
[97m[INFO ] Selecting reference view using strategy: saddle_balanced[0m
[97m[INFO ] Selecting reference view using strategy: saddle_balanced[0m
[slambench]   clip 300/374 (721s)
[97m[INFO ] Selecting reference view using strategy: saddle_balanced[0m
[97m[INFO ] Selecting reference view using strategy: saddle_balanced[0m
[97m[INFO ] Selecting reference view using strategy: saddle_balanced[0m
[97m[INFO ] Selecting reference view using strategy: saddle_balanced[0m
[97m[INFO ] Selecting reference view using strategy: saddle_balanced[0m
[97m[INFO ] Selecting reference view using strategy: saddle_balanced[0m
[97m[INFO ] Selecting reference view using strategy: saddle_balanced[0m
[97m[INFO ] Selecting reference view using strategy: saddle_balanced[0m
[97m[INFO ] Selecting reference view using strategy: saddle_balanced[0m
[97m[INFO ] Selecting reference view using strategy: saddle_balanced[0m
[97m[INFO ] Selecting reference view using strategy: saddle_balanced[0m
[97m[INFO ] Selecting reference view using strategy: saddle_balanced[0m
[97m[INFO ] Selecting reference view using strategy: saddle_balanced[0m
[97m[INFO ] Selecting reference view using strategy: saddle_balanced[0m
[97m[INFO ] Selecting reference view using strategy: saddle_balanced[0m
[97m[INFO ] Selecting reference view using strategy: saddle_balanced[0m
[97m[INFO ] Selecting reference view using strategy: saddle_balanced[0m
[97m[INFO ] Selecting reference view using strategy: saddle_balanced[0m
[97m[INFO ] Selecting reference view using strategy: saddle_balanced[0m
[97m[INFO ] Selecting reference view using strategy: saddle_balanced[0m
[97m[INFO ] Selecting reference view using strategy: saddle_balanced[0m
[97m[INFO ] Selecting reference view using strategy: saddle_balanced[0m
[97m[INFO ] Selecting reference view using strategy: saddle_balanced[0m
[97m[INFO ] Selecting reference view using strategy: saddle_balanced[0m
[97m[INFO ] Selecting reference view using strategy: saddle_balanced[0m
[97m[INFO ] Selecting reference view using strategy: saddle_balanced[0m
[97m[INFO ] Selecting reference view using strategy: saddle_balanced[0m
[97m[INFO ] Selecting reference view using strategy: saddle_balanced[0m
[97m[INFO ] Selecting reference view using strategy: saddle_balanced[0m
[97m[INFO ] Selecting reference view using strategy: saddle_balanced[0m
[slambench]   clip 305/374 (732s)
[97m[INFO ] Selecting reference view using strategy: saddle_balanced[0m
[97m[INFO ] Selecting reference view using strategy: saddle_balanced[0m
[97m[INFO ] Selecting reference view using strategy: saddle_balanced[0m
[97m[INFO ] Selecting reference view using strategy: saddle_balanced[0m
[97m[INFO ] Selecting reference view using strategy: saddle_balanced[0m
[97m[INFO ] Selecting reference view using strategy: saddle_balanced[0m
[97m[INFO ] Selecting reference view using strategy: saddle_balanced[0m
[97m[INFO ] Selecting reference view using strategy: saddle_balanced[0m
[97m[INFO ] Selecting reference view using strategy: saddle_balanced[0m
[97m[INFO ] Selecting reference view using strategy: saddle_balanced[0m
[97m[INFO ] Selecting reference view using strategy: saddle_balanced[0m
[97m[INFO ] Selecting reference view using strategy: saddle_balanced[0m
[97m[INFO ] Selecting reference view using strategy: saddle_balanced[0m
[97m[INFO ] Selecting reference view using strategy: saddle_balanced[0m
[97m[INFO ] Selecting reference view using strategy: saddle_balanced[0m
[97m[INFO ] Selecting reference view using strategy: saddle_balanced[0m
[97m[INFO ] Selecting reference view using strategy: saddle_balanced[0m
[97m[INFO ] Selecting reference view using strategy: saddle_balanced[0m
[97m[INFO ] Selecting reference view using strategy: saddle_balanced[0m
[97m[INFO ] Selecting reference view using strategy: saddle_balanced[0m
[97m[INFO ] Selecting reference view using strategy: saddle_balanced[0m
[97m[INFO ] Selecting reference view using strategy: saddle_balanced[0m
[97m[INFO ] Selecting reference view using strategy: saddle_balanced[0m
[97m[INFO ] Selecting reference view using strategy: saddle_balanced[0m
[97m[INFO ] Selecting reference view using strategy: saddle_balanced[0m
[97m[INFO ] Selecting reference view using strategy: saddle_balanced[0m
[97m[INFO ] Selecting reference view using strategy: saddle_balanced[0m
[97m[INFO ] Selecting reference view using strategy: saddle_balanced[0m
[97m[INFO ] Selecting reference view using strategy: saddle_balanced[0m
[97m[INFO ] Selecting reference view using strategy: saddle_balanced[0m
[slambench]   clip 310/374 (743s)
[97m[INFO ] Selecting reference view using strategy: saddle_balanced[0m
[97m[INFO ] Selecting reference view using strategy: saddle_balanced[0m
[97m[INFO ] Selecting reference view using strategy: saddle_balanced[0m
[97m[INFO ] Selecting reference view using strategy: saddle_balanced[0m
[97m[INFO ] Selecting reference view using strategy: saddle_balanced[0m
[97m[INFO ] Selecting reference view using strategy: saddle_balanced[0m
[97m[INFO ] Selecting reference view using strategy: saddle_balanced[0m
[97m[INFO ] Selecting reference view using strategy: saddle_balanced[0m
[97m[INFO ] Selecting reference view using strategy: saddle_balanced[0m
[97m[INFO ] Selecting reference view using strategy: saddle_balanced[0m
[97m[INFO ] Selecting reference view using strategy: saddle_balanced[0m
[97m[INFO ] Selecting reference view using strategy: saddle_balanced[0m
[97m[INFO ] Selecting reference view using strategy: saddle_balanced[0m
[97m[INFO ] Selecting reference view using strategy: saddle_balanced[0m
[97m[INFO ] Selecting reference view using strategy: saddle_balanced[0m
[97m[INFO ] Selecting reference view using strategy: saddle_balanced[0m
[97m[INFO ] Selecting reference view using strategy: saddle_balanced[0m
[97m[INFO ] Selecting reference view using strategy: saddle_balanced[0m
[97m[INFO ] Selecting reference view using strategy: saddle_balanced[0m
[97m[INFO ] Selecting reference view using strategy: saddle_balanced[0m
[97m[INFO ] Selecting reference view using strategy: saddle_balanced[0m
[97m[INFO ] Selecting reference view using strategy: saddle_balanced[0m
[97m[INFO ] Selecting reference view using strategy: saddle_balanced[0m
[97m[INFO ] Selecting reference view using strategy: saddle_balanced[0m
[97m[INFO ] Selecting reference view using strategy: saddle_balanced[0m
[97m[INFO ] Selecting reference view using strategy: saddle_balanced[0m
[97m[INFO ] Selecting reference view using strategy: saddle_balanced[0m
[97m[INFO ] Selecting reference view using strategy: saddle_balanced[0m
[97m[INFO ] Selecting reference view using strategy: saddle_balanced[0m
[97m[INFO ] Selecting reference view using strategy: saddle_balanced[0m
[slambench]   clip 315/374 (754s)
[97m[INFO ] Selecting reference view using strategy: saddle_balanced[0m
[97m[INFO ] Selecting reference view using strategy: saddle_balanced[0m
[97m[INFO ] Selecting reference view using strategy: saddle_balanced[0m
[97m[INFO ] Selecting reference view using strategy: saddle_balanced[0m
[97m[INFO ] Selecting reference view using strategy: saddle_balanced[0m
[97m[INFO ] Selecting reference view using strategy: saddle_balanced[0m
[97m[INFO ] Selecting reference view using strategy: saddle_balanced[0m
[97m[INFO ] Selecting reference view using strategy: saddle_balanced[0m
[97m[INFO ] Selecting reference view using strategy: saddle_balanced[0m
[97m[INFO ] Selecting reference view using strategy: saddle_balanced[0m
[97m[INFO ] Selecting reference view using strategy: saddle_balanced[0m
[97m[INFO ] Selecting reference view using strategy: saddle_balanced[0m
[97m[INFO ] Selecting reference view using strategy: saddle_balanced[0m
[97m[INFO ] Selecting reference view using strategy: saddle_balanced[0m
[97m[INFO ] Selecting reference view using strategy: saddle_balanced[0m
[97m[INFO ] Selecting reference view using strategy: saddle_balanced[0m
[97m[INFO ] Selecting reference view using strategy: saddle_balanced[0m
[97m[INFO ] Selecting reference view using strategy: saddle_balanced[0m
[97m[INFO ] Selecting reference view using strategy: saddle_balanced[0m
[97m[INFO ] Selecting reference view using strategy: saddle_balanced[0m
[97m[INFO ] Selecting reference view using strategy: saddle_balanced[0m
[97m[INFO ] Selecting reference view using strategy: saddle_balanced[0m
[97m[INFO ] Selecting reference view using strategy: saddle_balanced[0m
[97m[INFO ] Selecting reference view using strategy: saddle_balanced[0m
[97m[INFO ] Selecting reference view using strategy: saddle_balanced[0m
[97m[INFO ] Selecting reference view using strategy: saddle_balanced[0m
[97m[INFO ] Selecting reference view using strategy: saddle_balanced[0m
[97m[INFO ] Selecting reference view using strategy: saddle_balanced[0m
[97m[INFO ] Selecting reference view using strategy: saddle_balanced[0m
[97m[INFO ] Selecting reference view using strategy: saddle_balanced[0m
[slambench]   clip 320/374 (765s)
[97m[INFO ] Selecting reference view using strategy: saddle_balanced[0m
[97m[INFO ] Selecting reference view using strategy: saddle_balanced[0m
[97m[INFO ] Selecting reference view using strategy: saddle_balanced[0m
[97m[INFO ] Selecting reference view using strategy: saddle_balanced[0m
[97m[INFO ] Selecting reference view using strategy: saddle_balanced[0m
[97m[INFO ] Selecting reference view using strategy: saddle_balanced[0m
[97m[INFO ] Selecting reference view using strategy: saddle_balanced[0m
[97m[INFO ] Selecting reference view using strategy: saddle_balanced[0m
[97m[INFO ] Selecting reference view using strategy: saddle_balanced[0m
[97m[INFO ] Selecting reference view using strategy: saddle_balanced[0m
[97m[INFO ] Selecting reference view using strategy: saddle_balanced[0m
[97m[INFO ] Selecting reference view using strategy: saddle_balanced[0m
[97m[INFO ] Selecting reference view using strategy: saddle_balanced[0m
[97m[INFO ] Selecting reference view using strategy: saddle_balanced[0m
[97m[INFO ] Selecting reference view using strategy: saddle_balanced[0m
[97m[INFO ] Selecting reference view using strategy: saddle_balanced[0m
[97m[INFO ] Selecting reference view using strategy: saddle_balanced[0m
[97m[INFO ] Selecting reference view using strategy: saddle_balanced[0m
[97m[INFO ] Selecting reference view using strategy: saddle_balanced[0m
[97m[INFO ] Selecting reference view using strategy: saddle_balanced[0m
[97m[INFO ] Selecting reference view using strategy: saddle_balanced[0m
[97m[INFO ] Selecting reference view using strategy: saddle_balanced[0m
[97m[INFO ] Selecting reference view using strategy: saddle_balanced[0m
[97m[INFO ] Selecting reference view using strategy: saddle_balanced[0m
[97m[INFO ] Selecting reference view using strategy: saddle_balanced[0m
[97m[INFO ] Selecting reference view using strategy: saddle_balanced[0m
[97m[INFO ] Selecting reference view using strategy: saddle_balanced[0m
[97m[INFO ] Selecting reference view using strategy: saddle_balanced[0m
[97m[INFO ] Selecting reference view using strategy: saddle_balanced[0m
[97m[INFO ] Selecting reference view using strategy: saddle_balanced[0m
[slambench]   clip 325/374 (776s)
[97m[INFO ] Selecting reference view using strategy: saddle_balanced[0m
[97m[INFO ] Selecting reference view using strategy: saddle_balanced[0m
[97m[INFO ] Selecting reference view using strategy: saddle_balanced[0m
[97m[INFO ] Selecting reference view using strategy: saddle_balanced[0m
[97m[INFO ] Selecting reference view using strategy: saddle_balanced[0m
[97m[INFO ] Selecting reference view using strategy: saddle_balanced[0m
[97m[INFO ] Selecting reference view using strategy: saddle_balanced[0m
[97m[INFO ] Selecting reference view using strategy: saddle_balanced[0m
[97m[INFO ] Selecting reference view using strategy: saddle_balanced[0m
[97m[INFO ] Selecting reference view using strategy: saddle_balanced[0m
[97m[INFO ] Selecting reference view using strategy: saddle_balanced[0m
[97m[INFO ] Selecting reference view using strategy: saddle_balanced[0m
[97m[INFO ] Selecting reference view using strategy: saddle_balanced[0m
[97m[INFO ] Selecting reference view using strategy: saddle_balanced[0m
[97m[INFO ] Selecting reference view using strategy: saddle_balanced[0m
[97m[INFO ] Selecting reference view using strategy: saddle_balanced[0m
[97m[INFO ] Selecting reference view using strategy: saddle_balanced[0m
[97m[INFO ] Selecting reference view using strategy: saddle_balanced[0m
[97m[INFO ] Selecting reference view using strategy: saddle_balanced[0m
[97m[INFO ] Selecting reference view using strategy: saddle_balanced[0m
[97m[INFO ] Selecting reference view using strategy: saddle_balanced[0m
[97m[INFO ] Selecting reference view using strategy: saddle_balanced[0m
[97m[INFO ] Selecting reference view using strategy: saddle_balanced[0m
[97m[INFO ] Selecting reference view using strategy: saddle_balanced[0m
[97m[INFO ] Selecting reference view using strategy: saddle_balanced[0m
[97m[INFO ] Selecting reference view using strategy: saddle_balanced[0m
[97m[INFO ] Selecting reference view using strategy: saddle_balanced[0m
[97m[INFO ] Selecting reference view using strategy: saddle_balanced[0m
[97m[INFO ] Selecting reference view using strategy: saddle_balanced[0m
[97m[INFO ] Selecting reference view using strategy: saddle_balanced[0m
[slambench]   clip 330/374 (788s)
[97m[INFO ] Selecting reference view using strategy: saddle_balanced[0m
[97m[INFO ] Selecting reference view using strategy: saddle_balanced[0m
[97m[INFO ] Selecting reference view using strategy: saddle_balanced[0m
[97m[INFO ] Selecting reference view using strategy: saddle_balanced[0m
[97m[INFO ] Selecting reference view using strategy: saddle_balanced[0m
[97m[INFO ] Selecting reference view using strategy: saddle_balanced[0m
[97m[INFO ] Selecting reference view using strategy: saddle_balanced[0m
[97m[INFO ] Selecting reference view using strategy: saddle_balanced[0m
[97m[INFO ] Selecting reference view using strategy: saddle_balanced[0m
[97m[INFO ] Selecting reference view using strategy: saddle_balanced[0m
[97m[INFO ] Selecting reference view using strategy: saddle_balanced[0m
[97m[INFO ] Selecting reference view using strategy: saddle_balanced[0m
[97m[INFO ] Selecting reference view using strategy: saddle_balanced[0m
[97m[INFO ] Selecting reference view using strategy: saddle_balanced[0m
[97m[INFO ] Selecting reference view using strategy: saddle_balanced[0m
[97m[INFO ] Selecting reference view using strategy: saddle_balanced[0m
[97m[INFO ] Selecting reference view using strategy: saddle_balanced[0m
[97m[INFO ] Selecting reference view using strategy: saddle_balanced[0m
[97m[INFO ] Selecting reference view using strategy: saddle_balanced[0m
[97m[INFO ] Selecting reference view using strategy: saddle_balanced[0m
[97m[INFO ] Selecting reference view using strategy: saddle_balanced[0m
[97m[INFO ] Selecting reference view using strategy: saddle_balanced[0m
[97m[INFO ] Selecting reference view using strategy: saddle_balanced[0m
[97m[INFO ] Selecting reference view using strategy: saddle_balanced[0m
[97m[INFO ] Selecting reference view using strategy: saddle_balanced[0m
[97m[INFO ] Selecting reference view using strategy: saddle_balanced[0m
[97m[INFO ] Selecting reference view using strategy: saddle_balanced[0m
[97m[INFO ] Selecting reference view using strategy: saddle_balanced[0m
[97m[INFO ] Selecting reference view using strategy: saddle_balanced[0m
[97m[INFO ] Selecting reference view using strategy: saddle_balanced[0m
[slambench]   clip 335/374 (799s)
[97m[INFO ] Selecting reference view using strategy: saddle_balanced[0m
[97m[INFO ] Selecting reference view using strategy: saddle_balanced[0m
[97m[INFO ] Selecting reference view using strategy: saddle_balanced[0m
[97m[INFO ] Selecting reference view using strategy: saddle_balanced[0m
[97m[INFO ] Selecting reference view using strategy: saddle_balanced[0m
[97m[INFO ] Selecting reference view using strategy: saddle_balanced[0m
[97m[INFO ] Selecting reference view using strategy: saddle_balanced[0m
[97m[INFO ] Selecting reference view using strategy: saddle_balanced[0m
[97m[INFO ] Selecting reference view using strategy: saddle_balanced[0m
[97m[INFO ] Selecting reference view using strategy: saddle_balanced[0m
[97m[INFO ] Selecting reference view using strategy: saddle_balanced[0m
[97m[INFO ] Selecting reference view using strategy: saddle_balanced[0m
[97m[INFO ] Selecting reference view using strategy: saddle_balanced[0m
[97m[INFO ] Selecting reference view using strategy: saddle_balanced[0m
[97m[INFO ] Selecting reference view using strategy: saddle_balanced[0m
[97m[INFO ] Selecting reference view using strategy: saddle_balanced[0m
[97m[INFO ] Selecting reference view using strategy: saddle_balanced[0m
[97m[INFO ] Selecting reference view using strategy: saddle_balanced[0m
[97m[INFO ] Selecting reference view using strategy: saddle_balanced[0m
[97m[INFO ] Selecting reference view using strategy: saddle_balanced[0m
[97m[INFO ] Selecting reference view using strategy: saddle_balanced[0m
[97m[INFO ] Selecting reference view using strategy: saddle_balanced[0m
[97m[INFO ] Selecting reference view using strategy: saddle_balanced[0m
[97m[INFO ] Selecting reference view using strategy: saddle_balanced[0m
[97m[INFO ] Selecting reference view using strategy: saddle_balanced[0m
[97m[INFO ] Selecting reference view using strategy: saddle_balanced[0m
[97m[INFO ] Selecting reference view using strategy: saddle_balanced[0m
[97m[INFO ] Selecting reference view using strategy: saddle_balanced[0m
[97m[INFO ] Selecting reference view using strategy: saddle_balanced[0m
[97m[INFO ] Selecting reference view using strategy: saddle_balanced[0m
[slambench]   clip 340/374 (810s)
[97m[INFO ] Selecting reference view using strategy: saddle_balanced[0m
[97m[INFO ] Selecting reference view using strategy: saddle_balanced[0m
[97m[INFO ] Selecting reference view using strategy: saddle_balanced[0m
[97m[INFO ] Selecting reference view using strategy: saddle_balanced[0m
[97m[INFO ] Selecting reference view using strategy: saddle_balanced[0m
[97m[INFO ] Selecting reference view using strategy: saddle_balanced[0m
[97m[INFO ] Selecting reference view using strategy: saddle_balanced[0m
[97m[INFO ] Selecting reference view using strategy: saddle_balanced[0m
[97m[INFO ] Selecting reference view using strategy: saddle_balanced[0m
[97m[INFO ] Selecting reference view using strategy: saddle_balanced[0m
[97m[INFO ] Selecting reference view using strategy: saddle_balanced[0m
[97m[INFO ] Selecting reference view using strategy: saddle_balanced[0m
[97m[INFO ] Selecting reference view using strategy: saddle_balanced[0m
[97m[INFO ] Selecting reference view using strategy: saddle_balanced[0m
[97m[INFO ] Selecting reference view using strategy: saddle_balanced[0m
[97m[INFO ] Selecting reference view using strategy: saddle_balanced[0m
[97m[INFO ] Selecting reference view using strategy: saddle_balanced[0m
[97m[INFO ] Selecting reference view using strategy: saddle_balanced[0m
[97m[INFO ] Selecting reference view using strategy: saddle_balanced[0m
[97m[INFO ] Selecting reference view using strategy: saddle_balanced[0m
[97m[INFO ] Selecting reference view using strategy: saddle_balanced[0m
[97m[INFO ] Selecting reference view using strategy: saddle_balanced[0m
[97m[INFO ] Selecting reference view using strategy: saddle_balanced[0m
[97m[INFO ] Selecting reference view using strategy: saddle_balanced[0m
[97m[INFO ] Selecting reference view using strategy: saddle_balanced[0m
[97m[INFO ] Selecting reference view using strategy: saddle_balanced[0m
[97m[INFO ] Selecting reference view using strategy: saddle_balanced[0m
[97m[INFO ] Selecting reference view using strategy: saddle_balanced[0m
[97m[INFO ] Selecting reference view using strategy: saddle_balanced[0m
[97m[INFO ] Selecting reference view using strategy: saddle_balanced[0m
[slambench]   clip 345/374 (821s)
[97m[INFO ] Selecting reference view using strategy: saddle_balanced[0m
[97m[INFO ] Selecting reference view using strategy: saddle_balanced[0m
[97m[INFO ] Selecting reference view using strategy: saddle_balanced[0m
[97m[INFO ] Selecting reference view using strategy: saddle_balanced[0m
[97m[INFO ] Selecting reference view using strategy: saddle_balanced[0m
[97m[INFO ] Selecting reference view using strategy: saddle_balanced[0m
[97m[INFO ] Selecting reference view using strategy: saddle_balanced[0m
[97m[INFO ] Selecting reference view using strategy: saddle_balanced[0m
[97m[INFO ] Selecting reference view using strategy: saddle_balanced[0m
[97m[INFO ] Selecting reference view using strategy: saddle_balanced[0m
[97m[INFO ] Selecting reference view using strategy: saddle_balanced[0m
[97m[INFO ] Selecting reference view using strategy: saddle_balanced[0m
[97m[INFO ] Selecting reference view using strategy: saddle_balanced[0m
[97m[INFO ] Selecting reference view using strategy: saddle_balanced[0m
[97m[INFO ] Selecting reference view using strategy: saddle_balanced[0m
[97m[INFO ] Selecting reference view using strategy: saddle_balanced[0m
[97m[INFO ] Selecting reference view using strategy: saddle_balanced[0m
[97m[INFO ] Selecting reference view using strategy: saddle_balanced[0m
[97m[INFO ] Selecting reference view using strategy: saddle_balanced[0m
[97m[INFO ] Selecting reference view using strategy: saddle_balanced[0m
[97m[INFO ] Selecting reference view using strategy: saddle_balanced[0m
[97m[INFO ] Selecting reference view using strategy: saddle_balanced[0m
[97m[INFO ] Selecting reference view using strategy: saddle_balanced[0m
[97m[INFO ] Selecting reference view using strategy: saddle_balanced[0m
[97m[INFO ] Selecting reference view using strategy: saddle_balanced[0m
[97m[INFO ] Selecting reference view using strategy: saddle_balanced[0m
[97m[INFO ] Selecting reference view using strategy: saddle_balanced[0m
[97m[INFO ] Selecting reference view using strategy: saddle_balanced[0m
[97m[INFO ] Selecting reference view using strategy: saddle_balanced[0m
[97m[INFO ] Selecting reference view using strategy: saddle_balanced[0m
[slambench]   clip 350/374 (832s)
[97m[INFO ] Selecting reference view using strategy: saddle_balanced[0m
[97m[INFO ] Selecting reference view using strategy: saddle_balanced[0m
[97m[INFO ] Selecting reference view using strategy: saddle_balanced[0m
[97m[INFO ] Selecting reference view using strategy: saddle_balanced[0m
[97m[INFO ] Selecting reference view using strategy: saddle_balanced[0m
[97m[INFO ] Selecting reference view using strategy: saddle_balanced[0m
[97m[INFO ] Selecting reference view using strategy: saddle_balanced[0m
[97m[INFO ] Selecting reference view using strategy: saddle_balanced[0m
[97m[INFO ] Selecting reference view using strategy: saddle_balanced[0m
[97m[INFO ] Selecting reference view using strategy: saddle_balanced[0m
[97m[INFO ] Selecting reference view using strategy: saddle_balanced[0m
[97m[INFO ] Selecting reference view using strategy: saddle_balanced[0m
[97m[INFO ] Selecting reference view using strategy: saddle_balanced[0m
[97m[INFO ] Selecting reference view using strategy: saddle_balanced[0m
[97m[INFO ] Selecting reference view using strategy: saddle_balanced[0m
[97m[INFO ] Selecting reference view using strategy: saddle_balanced[0m
[97m[INFO ] Selecting reference view using strategy: saddle_balanced[0m
[97m[INFO ] Selecting reference view using strategy: saddle_balanced[0m
[97m[INFO ] Selecting reference view using strategy: saddle_balanced[0m
[97m[INFO ] Selecting reference view using strategy: saddle_balanced[0m
[97m[INFO ] Selecting reference view using strategy: saddle_balanced[0m
[97m[INFO ] Selecting reference view using strategy: saddle_balanced[0m
[97m[INFO ] Selecting reference view using strategy: saddle_balanced[0m
[97m[INFO ] Selecting reference view using strategy: saddle_balanced[0m
[97m[INFO ] Selecting reference view using strategy: saddle_balanced[0m
[97m[INFO ] Selecting reference view using strategy: saddle_balanced[0m
[97m[INFO ] Selecting reference view using strategy: saddle_balanced[0m
[97m[INFO ] Selecting reference view using strategy: saddle_balanced[0m
[97m[INFO ] Selecting reference view using strategy: saddle_balanced[0m
[97m[INFO ] Selecting reference view using strategy: saddle_balanced[0m
[slambench]   clip 355/374 (843s)
[97m[INFO ] Selecting reference view using strategy: saddle_balanced[0m
[97m[INFO ] Selecting reference view using strategy: saddle_balanced[0m
[97m[INFO ] Selecting reference view using strategy: saddle_balanced[0m
[97m[INFO ] Selecting reference view using strategy: saddle_balanced[0m
[97m[INFO ] Selecting reference view using strategy: saddle_balanced[0m
[97m[INFO ] Selecting reference view using strategy: saddle_balanced[0m
[97m[INFO ] Selecting reference view using strategy: saddle_balanced[0m
[97m[INFO ] Selecting reference view using strategy: saddle_balanced[0m
[97m[INFO ] Selecting reference view using strategy: saddle_balanced[0m
[97m[INFO ] Selecting reference view using strategy: saddle_balanced[0m
[97m[INFO ] Selecting reference view using strategy: saddle_balanced[0m
[97m[INFO ] Selecting reference view using strategy: saddle_balanced[0m
[97m[INFO ] Selecting reference view using strategy: saddle_balanced[0m
[97m[INFO ] Selecting reference view using strategy: saddle_balanced[0m
[97m[INFO ] Selecting reference view using strategy: saddle_balanced[0m
[97m[INFO ] Selecting reference view using strategy: saddle_balanced[0m
[97m[INFO ] Selecting reference view using strategy: saddle_balanced[0m
[97m[INFO ] Selecting reference view using strategy: saddle_balanced[0m
[97m[INFO ] Selecting reference view using strategy: saddle_balanced[0m
[97m[INFO ] Selecting reference view using strategy: saddle_balanced[0m
[97m[INFO ] Selecting reference view using strategy: saddle_balanced[0m
[97m[INFO ] Selecting reference view using strategy: saddle_balanced[0m
[97m[INFO ] Selecting reference view using strategy: saddle_balanced[0m
[97m[INFO ] Selecting reference view using strategy: saddle_balanced[0m
[97m[INFO ] Selecting reference view using strategy: saddle_balanced[0m
[97m[INFO ] Selecting reference view using strategy: saddle_balanced[0m
[97m[INFO ] Selecting reference view using strategy: saddle_balanced[0m
[97m[INFO ] Selecting reference view using strategy: saddle_balanced[0m
[97m[INFO ] Selecting reference view using strategy: saddle_balanced[0m
[97m[INFO ] Selecting reference view using strategy: saddle_balanced[0m
[slambench]   clip 360/374 (854s)
[97m[INFO ] Selecting reference view using strategy: saddle_balanced[0m
[97m[INFO ] Selecting reference view using strategy: saddle_balanced[0m
[97m[INFO ] Selecting reference view using strategy: saddle_balanced[0m
[97m[INFO ] Selecting reference view using strategy: saddle_balanced[0m
[97m[INFO ] Selecting reference view using strategy: saddle_balanced[0m
[97m[INFO ] Selecting reference view using strategy: saddle_balanced[0m
[97m[INFO ] Selecting reference view using strategy: saddle_balanced[0m
[97m[INFO ] Selecting reference view using strategy: saddle_balanced[0m
[97m[INFO ] Selecting reference view using strategy: saddle_balanced[0m
[97m[INFO ] Selecting reference view using strategy: saddle_balanced[0m
[97m[INFO ] Selecting reference view using strategy: saddle_balanced[0m
[97m[INFO ] Selecting reference view using strategy: saddle_balanced[0m
[97m[INFO ] Selecting reference view using strategy: saddle_balanced[0m
[97m[INFO ] Selecting reference view using strategy: saddle_balanced[0m
[97m[INFO ] Selecting reference view using strategy: saddle_balanced[0m
[97m[INFO ] Selecting reference view using strategy: saddle_balanced[0m
[97m[INFO ] Selecting reference view using strategy: saddle_balanced[0m
[97m[INFO ] Selecting reference view using strategy: saddle_balanced[0m
[97m[INFO ] Selecting reference view using strategy: saddle_balanced[0m
[97m[INFO ] Selecting reference view using strategy: saddle_balanced[0m
[97m[INFO ] Selecting reference view using strategy: saddle_balanced[0m
[97m[INFO ] Selecting reference view using strategy: saddle_balanced[0m
[97m[INFO ] Selecting reference view using strategy: saddle_balanced[0m
[97m[INFO ] Selecting reference view using strategy: saddle_balanced[0m
[97m[INFO ] Selecting reference view using strategy: saddle_balanced[0m
[97m[INFO ] Selecting reference view using strategy: saddle_balanced[0m
[97m[INFO ] Selecting reference view using strategy: saddle_balanced[0m
[97m[INFO ] Selecting reference view using strategy: saddle_balanced[0m
[97m[INFO ] Selecting reference view using strategy: saddle_balanced[0m
[97m[INFO ] Selecting reference view using strategy: saddle_balanced[0m
[slambench]   clip 365/374 (866s)
[97m[INFO ] Selecting reference view using strategy: saddle_balanced[0m
[97m[INFO ] Selecting reference view using strategy: saddle_balanced[0m
[97m[INFO ] Selecting reference view using strategy: saddle_balanced[0m
[97m[INFO ] Selecting reference view using strategy: saddle_balanced[0m
[97m[INFO ] Selecting reference view using strategy: saddle_balanced[0m
[97m[INFO ] Selecting reference view using strategy: saddle_balanced[0m
[97m[INFO ] Selecting reference view using strategy: saddle_balanced[0m
[97m[INFO ] Selecting reference view using strategy: saddle_balanced[0m
[97m[INFO ] Selecting reference view using strategy: saddle_balanced[0m
[97m[INFO ] Selecting reference view using strategy: saddle_balanced[0m
[97m[INFO ] Selecting reference view using strategy: saddle_balanced[0m
[97m[INFO ] Selecting reference view using strategy: saddle_balanced[0m
[97m[INFO ] Selecting reference view using strategy: saddle_balanced[0m
[97m[INFO ] Selecting reference view using strategy: saddle_balanced[0m
[97m[INFO ] Selecting reference view using strategy: saddle_balanced[0m
[97m[INFO ] Selecting reference view using strategy: saddle_balanced[0m
[97m[INFO ] Selecting reference view using strategy: saddle_balanced[0m
[97m[INFO ] Selecting reference view using strategy: saddle_balanced[0m
[97m[INFO ] Selecting reference view using strategy: saddle_balanced[0m
[97m[INFO ] Selecting reference view using strategy: saddle_balanced[0m
[97m[INFO ] Selecting reference view using strategy: saddle_balanced[0m
[97m[INFO ] Selecting reference view using strategy: saddle_balanced[0m
[97m[INFO ] Selecting reference view using strategy: saddle_balanced[0m
[97m[INFO ] Selecting reference view using strategy: saddle_balanced[0m
[97m[INFO ] Selecting reference view using strategy: saddle_balanced[0m
[97m[INFO ] Selecting reference view using strategy: saddle_balanced[0m
[97m[INFO ] Selecting reference view using strategy: saddle_balanced[0m
[97m[INFO ] Selecting reference view using strategy: saddle_balanced[0m
[97m[INFO ] Selecting reference view using strategy: saddle_balanced[0m
[97m[INFO ] Selecting reference view using strategy: saddle_balanced[0m
[slambench]   clip 370/374 (877s)
[97m[INFO ] Selecting reference view using strategy: saddle_balanced[0m
[97m[INFO ] Selecting reference view using strategy: saddle_balanced[0m
[97m[INFO ] Selecting reference view using strategy: saddle_balanced[0m
[97m[INFO ] Selecting reference view using strategy: saddle_balanced[0m
[97m[INFO ] Selecting reference view using strategy: saddle_balanced[0m
[97m[INFO ] Selecting reference view using strategy: saddle_balanced[0m
[97m[INFO ] Selecting reference view using strategy: saddle_balanced[0m
[97m[INFO ] Selecting reference view using strategy: saddle_balanced[0m
[97m[INFO ] Selecting reference view using strategy: saddle_balanced[0m
[97m[INFO ] Selecting reference view using strategy: saddle_balanced[0m
[97m[INFO ] Selecting reference view using strategy: saddle_balanced[0m
[97m[INFO ] Selecting reference view using strategy: saddle_balanced[0m
[97m[INFO ] Selecting reference view using strategy: saddle_balanced[0m
[97m[INFO ] Selecting reference view using strategy: saddle_balanced[0m
[97m[INFO ] Selecting reference view using strategy: saddle_balanced[0m
[97m[INFO ] Selecting reference view using strategy: saddle_balanced[0m
[97m[INFO ] Selecting reference view using strategy: saddle_balanced[0m
[97m[INFO ] Selecting reference view using strategy: saddle_balanced[0m
[97m[INFO ] Selecting reference view using strategy: saddle_balanced[0m
[97m[INFO ] Selecting reference view using strategy: saddle_balanced[0m
[97m[INFO ] Selecting reference view using strategy: saddle_balanced[0m
[97m[INFO ] Selecting reference view using strategy: saddle_balanced[0m
[97m[INFO ] Selecting reference view using strategy: saddle_balanced[0m
[97m[INFO ] Selecting reference view using strategy: saddle_balanced[0m
[slambench]   done in 886s
============================================================================================
  ego-synth SLAM depth · egosynth-slam-v1 · split 61195914f090
============================================================================================
  400 frames over 16 take(s), datasets: aea, nymeria
  GT: sparse MPS SLAM points, fisheye stream, native — the harness rectifies nothing
  cut at inv_dist_std (1/m, scale-invariant) < 0.01 (the release ships UNFILTERED, so this is part of every number below)
  baselines ['raw', 'rect_derect'] · 8 take(s)/dataset · 25 frame(s)/take
  CONTEXT SWEEP: [1, 3, 5, 10] frame(s) in one forward pass, stride 1. Only the split's own frame is
  scored, so every arm measures the identical points and the digest above covers them all.
  PROTOCOL: the scale (and shift) is fitted ONCE per frame over every one
  of that frame's points, then frozen. Frames combine unweighted. Each
  model keeps its own alignment space — disparity for Depth-Anything V2,
  depth for the up-to-scale heads — so ABSOLUTE AbsRel IS NOT COMPARABLE
  ACROSS MODELS. It is comparable across baselines of one model.
  BASELINE · raw
  ---------------------------------------------------------------------------------------------------
  model         dataset      ctx   AbsRel   delta1   delta2     RMSE    log10   cover  gt_med  frames
  ---------------------------------------------------------------------------------------------------
  da3_large     aea            1    0.207    0.754    0.899    0.718    0.081    1.00    1.40     200
  da3_large     aea            3    0.213    0.750    0.891    0.722    0.083    1.00    1.40     200
  da3_large     aea            5    0.212    0.753    0.891    0.723    0.083    1.00    1.40     200
  da3_large     aea           10    0.210    0.760    0.893    0.718    0.082    1.00    1.40     200
  da3_large     nymeria        1    0.172    0.790    0.931    0.517    0.068    1.00    1.58     200
  da3_large     nymeria        3    0.170    0.797    0.931    0.519    0.067    1.00    1.58     200
  da3_large     nymeria        5    0.170    0.795    0.931    0.520    0.067    1.00    1.58     200
  da3_large     nymeria       10    0.166    0.797    0.935    0.520    0.066    1.00    1.58     200
  vggt_omega    aea            1    0.151    0.846    0.938    0.662    0.061    1.00    1.40     200
  vggt_omega    aea            3    0.151    0.845    0.938    0.664    0.061    1.00    1.40     200
  vggt_omega    aea            5    0.153    0.841    0.938    0.666    0.061    1.00    1.40     200
  vggt_omega    aea           10    0.153    0.839    0.937    0.667    0.062    1.00    1.40     200
  vggt_omega    nymeria        1    0.121    0.884    0.961    0.467    0.049    1.00    1.58     200
  vggt_omega    nymeria        3    0.119    0.887    0.964    0.466    0.048    1.00    1.58     200
  vggt_omega    nymeria        5    0.120    0.885    0.964    0.467    0.049    1.00    1.58     200
  vggt_omega    nymeria       10    0.122    0.880    0.964    0.469    0.050    1.00    1.58     200
  BASELINE · rect_derect
  ---------------------------------------------------------------------------------------------------
  model         dataset      ctx   AbsRel   delta1   delta2     RMSE    log10   cover  gt_med  frames
  ---------------------------------------------------------------------------------------------------
  da3_large     aea            1    0.194    0.778    0.905    0.712    0.075    0.99    1.40     200
  da3_large     aea            3    0.204    0.769    0.895    0.718    0.078    0.99    1.40     200
  da3_large     aea            5    0.205    0.771    0.894    0.717    0.078    0.99    1.40     200
  da3_large     aea           10    0.208    0.769    0.890    0.717    0.079    0.99    1.40     200
  da3_large     nymeria        1    0.164    0.805    0.933    0.517    0.064    0.99    1.58     200
  da3_large     nymeria        3    0.165    0.803    0.935    0.518    0.065    0.99    1.58     200
  da3_large     nymeria        5    0.163    0.803    0.937    0.518    0.064    0.99    1.58     200
  da3_large     nymeria       10    0.159    0.812    0.939    0.515    0.063    0.99    1.58     200
  vggt_omega    aea            1    0.148    0.855    0.933    0.667    0.057    0.99    1.40     200
  vggt_omega    aea            3    0.146    0.858    0.934    0.666    0.057    0.99    1.40     200
  vggt_omega    aea            5    0.145    0.860    0.934    0.666    0.056    0.99    1.40     200
  vggt_omega    aea           10    0.143    0.863    0.935    0.666    0.055    0.99    1.40     200
  vggt_omega    nymeria        1    0.125    0.870    0.957    0.485    0.050    0.99    1.58     200
  vggt_omega    nymeria        3    0.123    0.877    0.959    0.484    0.049    0.99    1.58     200
  vggt_omega    nymeria        5    0.122    0.879    0.958    0.485    0.049    0.99    1.58     200
  vggt_omega    nymeria       10    0.121    0.882    0.959    0.484    0.048    0.99    1.58     200
  RECTIFY OR NOT · rect_derect / raw, within model (<1 means rectifying helped)
  -------------------------------------------------------------------------------------
  model         dataset      ctx  AbsRel raw  rect_derect    ratio  cover raw  cover rd
  -------------------------------------------------------------------------------------
  da3_large     aea            1      0.2069       0.1941    0.938       1.00      0.99
  da3_large     aea            3      0.2129       0.2044    0.960       1.00      0.99
  da3_large     aea            5      0.2120       0.2052    0.968       1.00      0.99
  da3_large     aea           10      0.2095       0.2079    0.992       1.00      0.99
  da3_large     nymeria        1      0.1722       0.1641    0.953       1.00      0.99
  da3_large     nymeria        3      0.1696       0.1645    0.970       1.00      0.99
  da3_large     nymeria        5      0.1696       0.1627    0.959       1.00      0.99
  da3_large     nymeria       10      0.1659       0.1594    0.961       1.00      0.99
  vggt_omega    aea            1      0.1513       0.1481    0.979       1.00      0.99
  vggt_omega    aea            3      0.1513       0.1457    0.963       1.00      0.99
  vggt_omega    aea            5      0.1529       0.1449    0.948       1.00      0.99
  vggt_omega    aea           10      0.1531       0.1429    0.933       1.00      0.99
  vggt_omega    nymeria        1      0.1206       0.1254    1.040       1.00      0.99
  vggt_omega    nymeria        3      0.1189       0.1232    1.036       1.00      0.99
  vggt_omega    nymeria        5      0.1199       0.1224    1.021       1.00      0.99
  vggt_omega    nymeria       10      0.1224       0.1212    0.990       1.00      0.99
  Both arms are scored on the points BOTH could answer for, so the
  ratio is like-for-like; `cover` is what each gave up to get there and
  is NOT in the ratio. A rect_derect that wins on 60% coverage has won
  a different, smaller question.
  CONTEXT · AbsRel, and the ratio to the 1-frame arm (<1 means more frames helped)
  ------------------------------------------------------------------------------
  model         baseline     dataset       1 frame      3 fr      5 fr     10 fr
  ------------------------------------------------------------------------------
  da3_large     raw          aea            0.2069     1.029     1.025     1.013
  da3_large     raw          nymeria        0.1722     0.985     0.985     0.963
  da3_large     rect_derect  aea            0.1941     1.053     1.057     1.071
  da3_large     rect_derect  nymeria        0.1641     1.003     0.991     0.971
  vggt_omega    raw          aea            0.1513     1.000     1.011     1.012
  vggt_omega    raw          nymeria        0.1206     0.986     0.994     1.015
  vggt_omega    rect_derect  aea            0.1481     0.984     0.978     0.965
  vggt_omega    rect_derect  nymeria        0.1254     0.982     0.976     0.966
  The window PRECEDES the target at stride 1 and is handed over in ONE forward pass.
  Only the target frame is scored, so every column measures the identical points and only
  the evidence moves. Monocular models are absent by refusal, not by having failed.
  MODELS
  ------------------------------------------------------------
  da3_large     Depth-Anything-3 Large · 411M · align=scale_shift · frames at 518px
  vggt_omega    VGGT-Omega 1B/512 · 1144M · align=scale_shift · frames at 512px
[slambench] wrote eval_out/slambench-020/step3-s1.g1/results.json (+ csv, report.txt)
